author	epoche	genre	title	textPath	label
Ahlefeld, Charlotte von	not defined	Roman	Erna	droro_e2/Ahlefeld_Charlotte_von_Erna.txt	Romantik_E2
Ahlefeld, Charlotte von	not defined	Roman	Marie Müller	droro_e2/Ahlefeld_Charlotte_von_Marie_Mueller.txt	Romantik_E2
Alexis, Willibald	not defined	Roman	Als Kriegsfreiwilliger nach Frankreich	droro_e1/Alexis_Willibald_als_Kriegsfreiwilliger_nach_Frankreich.txt	Romantik_E1
Alexis, Willibald	not defined	Roman	Cabanis	droro_e1/Alexis_Willibald_Cabanis.txt	Romantik_E1
Alexis, Willibald	not defined	Roman	Der falsche Woldemar	droro_e2/Alexis_Willibald_der_falsche_Woldemar.txt	Romantik_E2
Alexis, Willibald	not defined	Roman	Der Roland von Berlin	droro_e1/Alexis_Willibald_der_Roland_von_Berlin.txt	Romantik_E1
Alexis, Willibald	not defined	Roman	Die Hosen des Herrn von Bredow	droro_e2/Alexis_Willibald_Die_Hosen_des_Herrn_von_Bredow.txt	Romantik_E2
Alexis, Willibald	not defined	Roman	Isegrimm	droro_e2/Alexis_Willibald_Isegrimm.txt	Romantik_E2
Alexis, Willibald	not defined	Roman	Ruhe ist die erste Bürgerpflicht	droro_e2/Alexis_Willibald_Ruhe_ist_die_erste.txt	Romantik_E2
Alexis, Willibald	not defined	Roman	Walladmor	droro_e1/Alexis_Willibald_Walladmor.txt	Romantik_E1
Arnim, Bettina von	Romantik	Märchen	Märchen/[Der Königssohn]	Literatur-Arnim,-Bettina-von/tg17.txt	not defined
Arnim, Bettina von	Romantik	Märchen	Märchen/[Hans ohne Bart]	Literatur-Arnim,-Bettina-von/tg18.txt	not defined
Arnim, Bettina von	Romantik	Märchen	Märchen/Das Leben der Hochgräfin Gritta von Rattenzuhausbeiuns	Literatur-Arnim,-Bettina-von/tg21.txt	not defined
Arnim, Bettina von	Romantik	Roman	Romane/Clemens Brentanos Frühlingskranz	Literatur-Arnim,-Bettina-von/tg15.txt	Romantik_E2
Arnim, Bettina von	Romantik	Roman	Romane/Die Günderode	Literatur-Arnim,-Bettina-von/tg11.txt	Romantik_E1
Arnim, Bettina von	Romantik	Roman	Romane/Goethes Briefwechsel mit einem Kinde	Literatur-Arnim,-Bettina-von/tg4.txt	Romantik_E1
Arnim, Ludwig Achim von	Romantik	Erzählung	Erzählungen/Der tolle Invalide auf dem Fort Ratonneau	Literatur-Arnim,-Ludwig-Achim-von/tg1270.txt	not defined
Arnim, Ludwig Achim von	Romantik	Erzählung	Erzählungen/Der Wintergarten/Achter Winterabend/Johann Beer	Literatur-Arnim,-Ludwig-Achim-von/tg1260.txt	not defined
Arnim, Ludwig Achim von	Romantik	Erzählung	Erzählungen/Der Wintergarten/Achter Winterabend/Poliphil und Polia	Literatur-Arnim,-Ludwig-Achim-von/tg1261.txt	not defined
Arnim, Ludwig Achim von	Romantik	Erzählung	Erzählungen/Der Wintergarten/Achter Winterabend/Sonntag	Literatur-Arnim,-Ludwig-Achim-von/tg1259.txt	not defined
Arnim, Ludwig Achim von	Romantik	Erzählung	Erzählungen/Der Wintergarten/Dritter Winterabend/Altdeutsche Landsleute	Literatur-Arnim,-Ludwig-Achim-von/tg1242.txt	not defined
Arnim, Ludwig Achim von	Romantik	Erzählung	Erzählungen/Der Wintergarten/Dritter Winterabend/Arbogast von Andelon und Elisa von Portugal	Literatur-Arnim,-Ludwig-Achim-von/tg1243.txt	not defined
Arnim, Ludwig Achim von	Romantik	Erzählung	Erzählungen/Der Wintergarten/Erster Winterabend/Die Liebesgeschichte des Kanzlers Schlick	Literatur-Arnim,-Ludwig-Achim-von/tg1235.txt	not defined
Arnim, Ludwig Achim von	Romantik	Erzählung	Erzählungen/Der Wintergarten/Erster Winterabend/Eurial und Lukrezia	Literatur-Arnim,-Ludwig-Achim-von/tg1236.txt	not defined
Arnim, Ludwig Achim von	Romantik	Erzählung	Erzählungen/Der Wintergarten/Fünfter Winterabend/Die neuen Amazonen	Literatur-Arnim,-Ludwig-Achim-von/tg1248.txt	not defined
Arnim, Ludwig Achim von	Romantik	Erzählung	Erzählungen/Der Wintergarten/Fünfter Winterabend/Mistris Lee	Literatur-Arnim,-Ludwig-Achim-von/tg1249.txt	not defined
Arnim, Ludwig Achim von	Romantik	Erzählung	Erzählungen/Der Wintergarten/Fünfter Winterabend/Nelson und Meduse	Literatur-Arnim,-Ludwig-Achim-von/tg1250.txt	not defined
Arnim, Ludwig Achim von	Romantik	Erzählung	Erzählungen/Der Wintergarten/Neunter Winterabend/Die Abenteuer des Prinzen Karl Stuart	Literatur-Arnim,-Ludwig-Achim-von/tg1263.txt	not defined
Arnim, Ludwig Achim von	Romantik	Erzählung	Erzählungen/Der Wintergarten/Neunter Winterabend/Die Flucht des Prinzen Karl	Literatur-Arnim,-Ludwig-Achim-von/tg1264.txt	not defined
Arnim, Ludwig Achim von	Romantik	Erzählung	Erzählungen/Der Wintergarten/Schluß/Der Eisgang	Literatur-Arnim,-Ludwig-Achim-von/tg1266.txt	not defined
Arnim, Ludwig Achim von	Romantik	Erzählung	Erzählungen/Der Wintergarten/Schluß/Der Wintergarten, Taufe, Hochzeit	Literatur-Arnim,-Ludwig-Achim-von/tg1267.txt	not defined
Arnim, Ludwig Achim von	Romantik	Erzählung	Erzählungen/Der Wintergarten/Sechster Winterabend/Geheime Geschichte	Literatur-Arnim,-Ludwig-Achim-von/tg1252.txt	not defined
Arnim, Ludwig Achim von	Romantik	Erzählung	Erzählungen/Der Wintergarten/Sechster Winterabend/Olivier Clisson, Kronfeldherr von Frankreich	Literatur-Arnim,-Ludwig-Achim-von/tg1253.txt	not defined
Arnim, Ludwig Achim von	Romantik	Erzählung	Erzählungen/Der Wintergarten/Siebenter Winterabend/Ariel	Literatur-Arnim,-Ludwig-Achim-von/tg1257.txt	not defined
Arnim, Ludwig Achim von	Romantik	Erzählung	Erzählungen/Der Wintergarten/Siebenter Winterabend/Die drei Erznarren	Literatur-Arnim,-Ludwig-Achim-von/tg1256.txt	not defined
Arnim, Ludwig Achim von	Romantik	Erzählung	Erzählungen/Der Wintergarten/Siebenter Winterabend/Winter-Launen	Literatur-Arnim,-Ludwig-Achim-von/tg1255.txt	not defined
Arnim, Ludwig Achim von	Romantik	Erzählung	Erzählungen/Der Wintergarten/Vierter Winterabend/Der Krieg	Literatur-Arnim,-Ludwig-Achim-von/tg1245.txt	not defined
Arnim, Ludwig Achim von	Romantik	Erzählung	Erzählungen/Der Wintergarten/Vierter Winterabend/Philander unter den streifenden Soldaten	Literatur-Arnim,-Ludwig-Achim-von/tg1246.txt	not defined
Arnim, Ludwig Achim von	Romantik	Erzählung	Erzählungen/Der Wintergarten/Zweiter Winterabend/Albert und Concordia	Literatur-Arnim,-Ludwig-Achim-von/tg1239.txt	not defined
Arnim, Ludwig Achim von	Romantik	Erzählung	Erzählungen/Der Wintergarten/Zweiter Winterabend/Amtsbericht von dem Tode des Generals Grafen von Schaffgotsch	Literatur-Arnim,-Ludwig-Achim-von/tg1240.txt	not defined
Arnim, Ludwig Achim von	Romantik	Erzählung	Erzählungen/Der Wintergarten/Zweiter Winterabend/Das wiedergefundene Paradies	Literatur-Arnim,-Ludwig-Achim-von/tg1238.txt	not defined
Arnim, Ludwig Achim von	Romantik	Erzählung	Erzählungen/Die drei liebreichen Schwestern und der glückliche Färber	Literatur-Arnim,-Ludwig-Achim-von/tg1269.txt	not defined
Arnim, Ludwig Achim von	Romantik	Erzählung	Erzählungen/Die Majoratsherren	Literatur-Arnim,-Ludwig-Achim-von/tg1271.txt	not defined
Arnim, Ludwig Achim von	Romantik	Erzählung	Erzählungen/Isabella von Ägypten	Literatur-Arnim,-Ludwig-Achim-von/tg1268.txt	not defined
Arnim, Ludwig Achim von	not defined	Roman	Hollins Liebeleben	droro_kern/Arnim_Achim_von_Hollins_Liebeleben.txt	Romantik_Kern
Arnim, Ludwig Achim von	Romantik	Roman	Romane/Armut, Reichtum, Schuld und Buße der Gräfin Dolores	Literatur-Arnim,-Ludwig-Achim-von/tg1095.txt	Romantik_Kern
Arnim, Ludwig Achim von	Romantik	Roman	Romane/Die Kronenwächter/Erster Band	Literatur-Arnim,-Ludwig-Achim-von/tg1173.txt	Romantik_Kern
Arnim, Ludwig Achim von	Romantik	Roman	Romane/Die Kronenwächter/Zweiter Band	Literatur-Arnim,-Ludwig-Achim-von/tg1216.txt	Romantik_Kern
Bernhardi, Sophie	Romantik	prose	Erzählungen/Wunderbilder und Träume/Alcandor und Angelica	Literatur-Bernhardi,-Sophie/tg82.txt	not defined
Bernhardi, Sophie	Romantik	prose	Erzählungen/Wunderbilder und Träume/Belinde	Literatur-Bernhardi,-Sophie/tg85.txt	not defined
Bernhardi, Sophie	Romantik	prose	Erzählungen/Wunderbilder und Träume/Das Reh	Literatur-Bernhardi,-Sophie/tg86.txt	not defined
Bernhardi, Sophie	Romantik	prose	Erzählungen/Wunderbilder und Träume/Das Vögelchen	Literatur-Bernhardi,-Sophie/tg83.txt	not defined
Bernhardi, Sophie	Romantik	prose	Erzählungen/Wunderbilder und Träume/Der Einsiedler und die Nonne	Literatur-Bernhardi,-Sophie/tg81.txt	not defined
Bernhardi, Sophie	Romantik	prose	Erzählungen/Wunderbilder und Träume/Der Unglückliche	Literatur-Bernhardi,-Sophie/tg84.txt	not defined
Bernhardi, Sophie	Romantik	prose	Erzählungen/Wunderbilder und Träume/Die Bezauberungen der Nacht	Literatur-Bernhardi,-Sophie/tg88.txt	not defined
Bernhardi, Sophie	Romantik	prose	Erzählungen/Wunderbilder und Träume/Die Blume der Liebe	Literatur-Bernhardi,-Sophie/tg80.txt	not defined
Bernhardi, Sophie	Romantik	prose	Erzählungen/Wunderbilder und Träume/Die Quelle der Liebe	Literatur-Bernhardi,-Sophie/tg78.txt	not defined
Bernhardi, Sophie	Romantik	prose	Erzählungen/Wunderbilder und Träume/Die Stimme im Walde	Literatur-Bernhardi,-Sophie/tg79.txt	not defined
Bernhardi, Sophie	Romantik	prose	Erzählungen/Wunderbilder und Träume/Die Waldgenossin	Literatur-Bernhardi,-Sophie/tg87.txt	not defined
Bernhardi, Sophie	Romantik	prose	Roman/Evremont	Literatur-Bernhardi,-Sophie/tg20.txt	Romantik_E2
Brentano, Clemens	Romantik	Erzählung	Erzählungen/Aus der Chronika eines fahrenden Schülers	Literatur-Brentano,-Clemens/tg542.txt	not defined
Brentano, Clemens	Romantik	Erzählung	Erzählungen/Die drei Nüsse	Literatur-Brentano,-Clemens/tg549.txt	not defined
Brentano, Clemens	Romantik	Erzählung	Erzählungen/Die mehreren Wehmüller und ungarischen Nationalgesichter/Baciochis Erzählung vom wilden Jäger	Literatur-Brentano,-Clemens/tg548.txt	not defined
Brentano, Clemens	Romantik	Erzählung	Erzählungen/Die mehreren Wehmüller und ungarischen Nationalgesichter/Das Pickenick des Katers Mores	Literatur-Brentano,-Clemens/tg546.txt	not defined
Brentano, Clemens	Romantik	Erzählung	Erzählungen/Die mehreren Wehmüller und ungarischen Nationalgesichter/Devilliers Erzählung von den Hexen auf dem Austerfelsen	Literatur-Brentano,-Clemens/tg547.txt	not defined
Brentano, Clemens	Romantik	Erzählung	Erzählungen/Geschichte vom braven Kasperl und dem schönen Annerl	Literatur-Brentano,-Clemens/tg550.txt	not defined
Brentano, Clemens	Romantik	Märchen	Märchen-Sammlung/Italienische Märchen/Das Märchen von dem Baron von Hüpfenstich	Literatur-Brentano,-Clemens/tg569.txt	not defined
Brentano, Clemens	Romantik	Märchen	Märchen-Sammlung/Italienische Märchen/Das Märchen von dem Dilldapp	Literatur-Brentano,-Clemens/tg570.txt	not defined
Brentano, Clemens	Romantik	Märchen	Märchen-Sammlung/Italienische Märchen/Das Märchen von dem Myrtenfräulein	Literatur-Brentano,-Clemens/tg566.txt	not defined
Brentano, Clemens	Romantik	Märchen	Märchen-Sammlung/Italienische Märchen/Das Märchen von dem Schulmeister Klopfstock und seinen fünf Söhnen	Literatur-Brentano,-Clemens/tg572.txt	not defined
Brentano, Clemens	Romantik	Märchen	Märchen-Sammlung/Italienische Märchen/Das Märchen von dem Witzenspitzel	Literatur-Brentano,-Clemens/tg567.txt	not defined
Brentano, Clemens	Romantik	Märchen	Märchen-Sammlung/Italienische Märchen/Das Märchen von den Märchen oder Liebseelchen	Literatur-Brentano,-Clemens/tg565.txt	not defined
Brentano, Clemens	Romantik	Märchen	Märchen-Sammlung/Italienische Märchen/Das Märchen von Fanferlieschen Schönefüßchen	Literatur-Brentano,-Clemens/tg571.txt	not defined
Brentano, Clemens	Romantik	Märchen	Märchen-Sammlung/Italienische Märchen/Das Märchen von Gockel und Hinkel	Literatur-Brentano,-Clemens/tg573.txt	not defined
Brentano, Clemens	Romantik	Märchen	Märchen-Sammlung/Italienische Märchen/Das Märchen von Komanditchen	Literatur-Brentano,-Clemens/tg574.txt	not defined
Brentano, Clemens	Romantik	Märchen	Märchen-Sammlung/Italienische Märchen/Das Märchen von Rosenblättchen	Literatur-Brentano,-Clemens/tg568.txt	not defined
Brentano, Clemens	Romantik	Märchen	Märchen-Sammlung/Italienische Märchen/Das Märchen von Schnürlieschen	Literatur-Brentano,-Clemens/tg575.txt	not defined
Brentano, Clemens	Romantik	Märchen	Märchen-Sammlung/Rheinmärchen/Das Märchen vom Murmeltier	Literatur-Brentano,-Clemens/tg562.txt	not defined
Brentano, Clemens	Romantik	Märchen	Märchen-Sammlung/Rheinmärchen/Das Märchen vom Schneider Siebentot auf einen Schlag	Literatur-Brentano,-Clemens/tg563.txt	not defined
Brentano, Clemens	Romantik	Märchen	Märchen-Sammlung/Rheinmärchen/Das Märchen von dem Hause Starenberg und den Ahnen des Müllers Radlauf	Literatur-Brentano,-Clemens/tg561.txt	not defined
Brentano, Clemens	Romantik	Märchen	Märchen-Sammlung/Rheinmärchen/Das Märchen von dem Rhein und dem Müller Radlauf	Literatur-Brentano,-Clemens/tg560.txt	not defined
Brentano, Clemens	Romantik	Roman	Roman/Godwi oder Das steinerne Bild der Mutter	Literatur-Brentano,-Clemens/tg454.txt	Romantik_Kern
Chamisso, Adelbert von	Romantik	Erzählung	Erzählungen/Adelberts Fabel	Literatur-Chamisso,-Adelbert-von/tg311.txt	not defined
Chamisso, Adelbert von	Romantik	Erzählung	Erzählungen/Peter Schlemihls wundersame Geschichte	Literatur-Chamisso,-Adelbert-von/tg312.txt	not defined
Droste-Hülshoff, Annette von	Romantik	prose	Erzählungen/Bei uns zulande auf dem Lande	Literatur-Droste-Huelshoff,-Annette-von/tg262.txt	not defined
Droste-Hülshoff, Annette von	Romantik	prose	Erzählungen/Die Judenbuche	Literatur-Droste-Huelshoff,-Annette-von/tg257.txt	not defined
Droste-Hülshoff, Annette von	Romantik	prose	Erzählungen/Ledwina	Literatur-Droste-Huelshoff,-Annette-von/tg256.txt	not defined
Droste-Hülshoff, Annette von	Romantik	prose	Erzählungen/Westfälische Schilderungen	Literatur-Droste-Huelshoff,-Annette-von/tg258.txt	not defined
Ebner-Eschenbach, Marie von	Realismus	prose	Erzählungen/Agave	Literatur-Ebner-Eschenbach,-Marie-von/tg126.txt	not defined
Ebner-Eschenbach, Marie von	Realismus	prose	Erzählungen/Das Schädliche	Literatur-Ebner-Eschenbach,-Marie-von/tg123.txt	not defined
Ebner-Eschenbach, Marie von	Realismus	prose	Erzählungen/Der gute Mond	Literatur-Ebner-Eschenbach,-Marie-von/tg120.txt	not defined
Ebner-Eschenbach, Marie von	Realismus	prose	Erzählungen/Der Herr Hofrat	Literatur-Ebner-Eschenbach,-Marie-von/tg132.txt	not defined
Ebner-Eschenbach, Marie von	Realismus	prose	Erzählungen/Der Kreisphysikus	Literatur-Ebner-Eschenbach,-Marie-von/tg114.txt	not defined
Ebner-Eschenbach, Marie von	Realismus	prose	Erzählungen/Der Vorzugsschüler	Literatur-Ebner-Eschenbach,-Marie-von/tg125.txt	not defined
Ebner-Eschenbach, Marie von	Realismus	prose	Erzählungen/Die Freiherren von Gemperlein	Literatur-Ebner-Eschenbach,-Marie-von/tg104.txt	not defined
Ebner-Eschenbach, Marie von	Realismus	prose	Erzählungen/Die Poesie des Unbewussten	Literatur-Ebner-Eschenbach,-Marie-von/tg112.txt	not defined
Ebner-Eschenbach, Marie von	Realismus	prose	Erzählungen/Ein Spätgeborner	Literatur-Ebner-Eschenbach,-Marie-von/tg95.txt	not defined
Ebner-Eschenbach, Marie von	Realismus	prose	Erzählungen/Er laßt die Hand küssen	Literatur-Ebner-Eschenbach,-Marie-von/tg121.txt	not defined
Ebner-Eschenbach, Marie von	Realismus	prose	Erzählungen/Ihr Traum	Literatur-Ebner-Eschenbach,-Marie-von/tg122.txt	not defined
Ebner-Eschenbach, Marie von	Realismus	prose	Erzählungen/Krambambuli	Literatur-Ebner-Eschenbach,-Marie-von/tg113.txt	not defined
Ebner-Eschenbach, Marie von	Realismus	prose	Erzählungen/Maslans Frau	Literatur-Ebner-Eschenbach,-Marie-von/tg124.txt	not defined
Ebner-Eschenbach, Marie von	Realismus	prose	Erzählungen/Nach dem Tode	Literatur-Ebner-Eschenbach,-Marie-von/tg111.txt	not defined
Ebner-Eschenbach, Marie von	Realismus	prose	Romane/Bozena	Literatur-Ebner-Eschenbach,-Marie-von/tg4.txt	not defined
Ebner-Eschenbach, Marie von	Realismus	prose	Romane/Das Gemeindekind	Literatur-Ebner-Eschenbach,-Marie-von/tg51.txt	not defined
Ebner-Eschenbach, Marie von	Realismus	prose	Romane/Ein kleiner Roman	Literatur-Ebner-Eschenbach,-Marie-von/tg40.txt	not defined
Ebner-Eschenbach, Marie von	Realismus	prose	Romane/Lotti, die Uhrmacherin	Literatur-Ebner-Eschenbach,-Marie-von/tg25.txt	not defined
Ebner-Eschenbach, Marie von	Realismus	prose	Romane/Unsühnbar	Literatur-Ebner-Eschenbach,-Marie-von/tg72.txt	not defined
Eichendorff, Joseph von	not defined	Roman	Dichter und ihre Gesellen	droro_kern/Eichendorff_Joseph_von_Dichter_und_Gesellen.txt	Romantik_Kern
Eichendorff, Joseph von	Romantik	Erzählung	Erzählungen/Auch ich war in Arkadien	Literatur-Eichendorff,-Joseph-von/tg596.txt	not defined
Eichendorff, Joseph von	Romantik	Erzählung	Erzählungen/Aus dem Leben eines Taugenichts	Literatur-Eichendorff,-Joseph-von/tg584.txt	not defined
Eichendorff, Joseph von	Romantik	Erzählung	Erzählungen/Das Marmorbild	Literatur-Eichendorff,-Joseph-von/tg583.txt	not defined
Eichendorff, Joseph von	Romantik	Erzählung	Erzählungen/Das Schloß Dürande	Literatur-Eichendorff,-Joseph-von/tg597.txt	not defined
Eichendorff, Joseph von	Romantik	Erzählung	Erzählungen/Die Glücksritter	Literatur-Eichendorff,-Joseph-von/tg598.txt	not defined
Eichendorff, Joseph von	Romantik	Erzählung	Erzählungen/Die Zauberei im Herbste	Literatur-Eichendorff,-Joseph-von/tg582.txt	not defined
Eichendorff, Joseph von	Romantik	Erzählung	Erzählungen/Viel Lärmen um Nichts	Literatur-Eichendorff,-Joseph-von/tg595.txt	not defined
Eichendorff, Joseph von	Romantik	Roman	Romane/Ahnung und Gegenwart	Literatur-Eichendorff,-Joseph-von/tg553.txt	Romantik_Kern
Fischer, Caroline Auguste	not defined	Roman	Der Günstling	droro_e2/Fischer_Caroline_Auguste_Der_Guenstling.txt	Romantik_E2
Fischer, Caroline Auguste	not defined	Roman	Die Honigmonathe	droro_e2/Fischer_Caroline_Auguste_Die_Honigmonathe.txt	Romantik_E2
Fischer, Caroline Auguste	not defined	Roman	Gustavs Verirrungen	droro_e2/Fischer_Caroline_Auguste_Gustavs_Verirrungen.txt	Romantik_E2
Fischer, Caroline Auguste	not defined	Roman	Margarethe	droro_e2/Fischer_Caroline_Auguste_Margarethe.txt	Romantik_E2
Fischer, Caroline Auguste	not defined	Roman	Vierzehn Tage in Paris	droro_e2/Fischer_Caroline_Auguste_Vierzehn_Tage_in_Paris.txt	Romantik_E2
Fontane, Theodor	Realismus	Erzählung	Erzählungen/Ellernklipp	Literatur-Fontane,-Theodor/tg725.txt	not defined
Fontane, Theodor	Realismus	Erzählung	Erzählungen/Grete Minde	Literatur-Fontane,-Theodor/tg704.txt	not defined
Fontane, Theodor	Realismus	Erzählung	Erzählungen/Mathilde Möhring	Literatur-Fontane,-Theodor/tg787.txt	not defined
Fontane, Theodor	Realismus	Erzählung	Erzählungen/Schach von Wuthenow	Literatur-Fontane,-Theodor/tg744.txt	not defined
Fontane, Theodor	Realismus	Erzählung	Erzählungen/Unterm Birnbaum	Literatur-Fontane,-Theodor/tg766.txt	not defined
Fontane, Theodor	Realismus	prose	Romane/Cécile	Literatur-Fontane,-Theodor/tg430.txt	not defined
Fontane, Theodor	Realismus	prose	Romane/Der Stechlin	Literatur-Fontane,-Theodor/tg647.txt	not defined
Fontane, Theodor	Realismus	prose	Romane/Die Poggenpuhls	Literatur-Fontane,-Theodor/tg631.txt	not defined
Fontane, Theodor	Realismus	prose	Romane/Effi Briest	Literatur-Fontane,-Theodor/tg594.txt	not defined
Fontane, Theodor	Realismus	prose	Romane/Frau Jenny Treibel	Literatur-Fontane,-Theodor/tg577.txt	not defined
Fontane, Theodor	Realismus	prose	Romane/Graf Petöfy	Literatur-Fontane,-Theodor/tg394.txt	not defined
Fontane, Theodor	Realismus	prose	Romane/Irrungen, Wirrungen	Literatur-Fontane,-Theodor/tg460.txt	not defined
Fontane, Theodor	Realismus	prose	Romane/L'Adultera	Literatur-Fontane,-Theodor/tg371.txt	not defined
Fontane, Theodor	Realismus	prose	Romane/Quitt	Literatur-Fontane,-Theodor/tg504.txt	not defined
Fontane, Theodor	Realismus	prose	Romane/Stine	Literatur-Fontane,-Theodor/tg487.txt	not defined
Fontane, Theodor	Realismus	prose	Romane/Unwiederbringlich	Literatur-Fontane,-Theodor/tg542.txt	not defined
Fontane, Theodor	Realismus	prose	Romane/Vor dem Sturm	Literatur-Fontane,-Theodor/tg284.txt	not defined
Fouqué, Caroline de la Motte	not defined	Roman	Der Spanier und der Freiwillige in Paris	droro_e1/Fouque_Caroline_de_la_Motte_Der_Spanier.txt	Romantik_E1
Fouqué, Caroline de la Motte	not defined	Roman	Die Frau des Falkensteins	droro_e1/Fouque_Caroline_de_la_Motte_Die_Frau_des_Falkensteins.txt	Romantik_E1
Fouqué, Caroline de la Motte	not defined	Roman	Magie der Natur	droro_kern/Fouque_Caroline_de_la_Motte_Magie_der_Natur.txt	Romantik_Kern
Fouqué, Caroline de la Motte	not defined	Roman	Resignation	droro_e1/Fouque_Caroline_de_la_Motte_Resignation.txt	Romantik_E1
Fouqué, Caroline de la Motte	not defined	Roman	Rodrich	droro_e1/Fouque_Caroline_de_la_Motte_Rodrich.txt	Romantik_E1
Fouqué, Friedrich de la Motte	Romantik	Erzählung	Erzählungen/Eine Geschichte vom Galgenmännlein	Literatur-Fouque,-Friedrich-de-la-Motte/tg38.txt	not defined
Fouqué, Friedrich de la Motte	Romantik	Erzählung	Erzählungen/Undine	Literatur-Fouque,-Friedrich-de-la-Motte/tg39.txt	not defined
Fouqué, Friedrich de la Motte (Pellegrin)	not defined	Roman	Alwin	droro_e1/Fouque_Friedrich_de_la_Motte_Alwin.txt	Romantik_E1
Fouqué, Friedrich de la Motte (Pellegrin)	not defined	Roman	Der Zauberring	droro_e1/Fouque_Friedrich_de_la_Motte_Der_Zauberring.txt	Romantik_E1
Fouqué, Friedrich de la Motte (Pellegrin)	not defined	Roman	Die Fahrten Thiodolfs des Isländers I	droro_e1/Fouque_Friedrich_de_la_Motte_Fahrten_Thiodolfs_Band_I.txt	Romantik_E1
Fouqué, Friedrich de la Motte (Pellegrin)	not defined	Roman	Die Fahrten Thiodolfs des Isländers II	droro_e1/Fouque_Friedrich_de_la_Motte_Fahrten_Thiodolfs_Band_II.txt	Romantik_E1
Franzos, Karl Emil	Realismus	prose	Erzählungen/Die Juden von Barnow/»Baron Schmule«	Literatur-Franzos,-Karl-Emil/tg53.txt	not defined
Franzos, Karl Emil	Realismus	prose	Erzählungen/Die Juden von Barnow/Das »Kind der Sühne«	Literatur-Franzos,-Karl-Emil/tg51.txt	not defined
Franzos, Karl Emil	Realismus	prose	Erzählungen/Die Juden von Barnow/Das Christusbild	Literatur-Franzos,-Karl-Emil/tg54.txt	not defined
Franzos, Karl Emil	Realismus	prose	Erzählungen/Die Juden von Barnow/Der Shylock von Barnow	Literatur-Franzos,-Karl-Emil/tg47.txt	not defined
Franzos, Karl Emil	Realismus	prose	Erzählungen/Die Juden von Barnow/Der wilde Starost und die schöne Jütta	Literatur-Franzos,-Karl-Emil/tg50.txt	not defined
Franzos, Karl Emil	Realismus	prose	Erzählungen/Die Juden von Barnow/Esterka Regina	Literatur-Franzos,-Karl-Emil/tg52.txt	not defined
Franzos, Karl Emil	Realismus	prose	Erzählungen/Die Juden von Barnow/Nach dem höheren Gesetz	Literatur-Franzos,-Karl-Emil/tg48.txt	not defined
Franzos, Karl Emil	Realismus	prose	Erzählungen/Die Juden von Barnow/Ohne Inschrift	Literatur-Franzos,-Karl-Emil/tg55.txt	not defined
Franzos, Karl Emil	Realismus	prose	Erzählungen/Die Juden von Barnow/Zwei Retter	Literatur-Franzos,-Karl-Emil/tg49.txt	not defined
Franzos, Karl Emil	Realismus	prose	Erzählungen/Leib Weihnachtskuchen und sein Kind	Literatur-Franzos,-Karl-Emil/tg56.txt	not defined
Franzos, Karl Emil	Realismus	prose	Roman/Der Pojaz	Literatur-Franzos,-Karl-Emil/tg4.txt	not defined
Freytag, Gustav	Realismus	prose	Romane/Die Ahnen	Literatur-Freytag,-Gustav/tg134.txt	not defined
Freytag, Gustav	Realismus	prose	Romane/Die verlorene Handschrift	Literatur-Freytag,-Gustav/tg84.txt	not defined
Freytag, Gustav	Realismus	prose	Romane/Soll und Haben	Literatur-Freytag,-Gustav/tg31.txt	not defined
Goethe, Johann Wolfgang	not defined	Roman	Aus meinem Leben. Dichtung und Wahrheit	droro_e2/Goethe_Johann_Wolfgang_Aus_meinem_Leben_Dichtung_und_Wahrheit.txt	Romantik_E2
Goethe, Johann Wolfgang	Klassik	Erzählung	Erzählungen/Briefe aus der Schweiz. Erste Abteilung	Literatur-Goethe,-Johann-Wolfgang-001/tg1651.txt	not defined
Goethe, Johann Wolfgang	Klassik	Erzählung	Erzählungen/Novelle	Literatur-Goethe,-Johann-Wolfgang-001/tg1652.txt	not defined
Goethe, Johann Wolfgang	Klassik	Erzählung	Erzählungen/Unterhaltungen deutscher Ausgewanderten	Literatur-Goethe,-Johann-Wolfgang-001/tg1643.txt	not defined
Goethe, Johann Wolfgang	Klassik	Roman	Romane/Die Leiden des jungen Werther	Literatur-Goethe,-Johann-Wolfgang-001/tg1446.txt	not defined
Goethe, Johann Wolfgang	Klassik	Roman	Romane/Die Wahlverwandtschaften	Literatur-Goethe,-Johann-Wolfgang-001/tg1450.txt	Romantik_E2
Goethe, Johann Wolfgang	Klassik	Roman	Romane/Wilhelm Meisters Lehrjahre	Literatur-Goethe,-Johann-Wolfgang-001/tg1534.txt	Romantik_E2
Goethe, Johann Wolfgang	Klassik	Roman	Romane/Wilhelm Meisters Wanderjahre	Literatur-Goethe,-Johann-Wolfgang-001/tg1489.txt	Romantik_E2
Günderode, Karoline von	Romantik	prose	Prosa/Geschichte eines Braminen	Literatur-Guenderode,-Karoline-von/tg100.txt	not defined
Günderode, Karoline von	Romantik	prose	Prosa/Prosa aus dem Nachlaß/[Allerley Gedanken]	Literatur-Guenderode,-Karoline-von/tg108.txt	not defined
Hahn-Hahn, Ida Gräfin von	not defined	Roman	Gräfin Faustine	droro_e2/Hahn_Hahn_Ida_Graefin_Faustine.txt	Romantik_E2
Hahn-Hahn, Ida Gräfin von	not defined	Roman	Sibylle	droro_e2/Hahn_Hahn_Ida_Sibylle.txt	Romantik_E2
Haller, Albrecht von	Klassik	prose	Roman/Usong	Literatur-Haller,-Albrecht-von/tg52.txt	not defined
Hauff, Wilhelm	Romantik	Erzählung	Erzählungen/Das Bild des Kaisers	Literatur-Hauff,-Wilhelm/tg142.txt	not defined
Hauff, Wilhelm	Romantik	Erzählung	Erzählungen/Die Bettlerin vom Pont des Arts	Literatur-Hauff,-Wilhelm/tg104.txt	not defined
Hauff, Wilhelm	Romantik	Erzählung	Erzählungen/Jud Süss	Literatur-Hauff,-Wilhelm/tg88.txt	not defined
Hauff, Wilhelm	Romantik	Erzählung	Erzählungen/Phantasien im Bremer Ratskeller	Literatur-Hauff,-Wilhelm/tg87.txt	not defined
Hauff, Wilhelm	not defined	Roman	Mann im Mond	droro_e1/Hauff_Wilhelm_Mann_im_Mond.txt	Romantik_E1
Hauff, Wilhelm	Romantik	Märchen	Märchen/Märchen-Almanach auf das Jahr 1826/Die Karawane/Das Märchen vom falschen Prinzen	Literatur-Hauff,-Wilhelm/tg164.txt	not defined
Hauff, Wilhelm	Romantik	Märchen	Märchen/Märchen-Almanach auf das Jahr 1826/Die Karawane/Die Errettung Fatmes	Literatur-Hauff,-Wilhelm/tg162.txt	not defined
Hauff, Wilhelm	Romantik	Märchen	Märchen/Märchen-Almanach auf das Jahr 1826/Die Karawane/Die Geschichte von dem Gespensterschiff	Literatur-Hauff,-Wilhelm/tg160.txt	not defined
Hauff, Wilhelm	Romantik	Märchen	Märchen/Märchen-Almanach auf das Jahr 1826/Die Karawane/Die Geschichte von dem kleinen Muck	Literatur-Hauff,-Wilhelm/tg163.txt	not defined
Hauff, Wilhelm	Romantik	Märchen	Märchen/Märchen-Almanach auf das Jahr 1826/Die Karawane/Die Geschichte von der abgehauenen Hand	Literatur-Hauff,-Wilhelm/tg161.txt	not defined
Hauff, Wilhelm	Romantik	Märchen	Märchen/Märchen-Almanach auf das Jahr 1826/Die Karawane/Die Geschichte von Kalif Storch	Literatur-Hauff,-Wilhelm/tg159.txt	not defined
Hauff, Wilhelm	Romantik	Märchen	Märchen/Märchen-Almanach auf das Jahr 1826/Märchen als Almanach	Literatur-Hauff,-Wilhelm/tg157.txt	not defined
Hauff, Wilhelm	Romantik	Märchen	Märchen/Märchen-Almanach auf das Jahr 1827/Der Scheik von Alessandria und seine Sklaven/Abner, der Jude, der nichts gesehen hat	Literatur-Hauff,-Wilhelm/tg168.txt	not defined
Hauff, Wilhelm	Romantik	Märchen	Märchen/Märchen-Almanach auf das Jahr 1827/Der Scheik von Alessandria und seine Sklaven/Der Affe als Mensch	Literatur-Hauff,-Wilhelm/tg169.txt	not defined
Hauff, Wilhelm	Romantik	Märchen	Märchen/Märchen-Almanach auf das Jahr 1827/Der Scheik von Alessandria und seine Sklaven/Der Zwerg Nase	Literatur-Hauff,-Wilhelm/tg167.txt	not defined
Hauff, Wilhelm	Romantik	Märchen	Märchen/Märchen-Almanach auf das Jahr 1827/Der Scheik von Alessandria und seine Sklaven/Die Geschichte Almansors	Literatur-Hauff,-Wilhelm/tg170.txt	not defined
Hauff, Wilhelm	Romantik	Märchen	Märchen/Märchen-Almanach auf das Jahr 1828/Das Wirtshaus im Spessart/Das kalte Herz. Erste Abteilung	Literatur-Hauff,-Wilhelm/tg174.txt	not defined
Hauff, Wilhelm	Romantik	Märchen	Märchen/Märchen-Almanach auf das Jahr 1828/Das Wirtshaus im Spessart/Das kalte Herz. Zweite Abteilung	Literatur-Hauff,-Wilhelm/tg177.txt	not defined
Hauff, Wilhelm	Romantik	Märchen	Märchen/Märchen-Almanach auf das Jahr 1828/Das Wirtshaus im Spessart/Die Höhle von Steenfoll	Literatur-Hauff,-Wilhelm/tg176.txt	not defined
Hauff, Wilhelm	Romantik	Märchen	Märchen/Märchen-Almanach auf das Jahr 1828/Das Wirtshaus im Spessart/Die Sage vom Hirschgulden	Literatur-Hauff,-Wilhelm/tg173.txt	not defined
Hauff, Wilhelm	Romantik	Märchen	Märchen/Märchen-Almanach auf das Jahr 1828/Das Wirtshaus im Spessart/Saids Schicksale	Literatur-Hauff,-Wilhelm/tg175.txt	not defined
Hauff, Wilhelm	Romantik	Roman	Romane/Lichtenstein	Literatur-Hauff,-Wilhelm/tg4.txt	Romantik_Kern
Hauff, Wilhelm	Romantik	Roman	Romane/Mitteilungen aus den Memoiren des Satan	Literatur-Hauff,-Wilhelm/tg45.txt	Romantik_E1
Heine, Heinrich	not defined	Roman	Aus den Memoiren des Herren von Schnabelewopski	droro_e1/Heine_Heinrich_aus_den_Memoiren.txt	Romantik_E1
Heine, Heinrich	not defined	Roman	Der Rabbi von Bacherach	droro_e1/Heine_Heinrich_Rabbi_von_Bacherach.txt	Romantik_E1
Heyse, Paul	Realismus	prose	Erzählungen/Andrea Delfin	Literatur-Heyse,-Paul/tg565.txt	not defined
Heyse, Paul	Realismus	prose	Erzählungen/L' Arrabbiata	Literatur-Heyse,-Paul/tg564.txt	not defined
Hoffmann, E. T. A.	Romantik	Erzählung	Erzählungen, Märchen und Schriften/Die Serapionsbrüder/Dritter Band/Fünfter Abschnitt/[Nachricht aus dem Leben eines bekannten Mannes]	Literatur-Hoffmann,-E.-T.-A./tg121.txt	not defined
Hoffmann, E. T. A.	Romantik	Erzählung	Erzählungen, Märchen und Schriften/Die Serapionsbrüder/Dritter Band/Fünfter Abschnitt/Der unheimliche Gast	Literatur-Hoffmann,-E.-T.-A./tg129.txt	not defined
Hoffmann, E. T. A.	Romantik	Erzählung	Erzählungen, Märchen und Schriften/Die Serapionsbrüder/Dritter Band/Fünfter Abschnitt/Die Brautwahl	Literatur-Hoffmann,-E.-T.-A./tg122.txt	not defined
Hoffmann, E. T. A.	Romantik	Erzählung	Erzählungen, Märchen und Schriften/Die Serapionsbrüder/Dritter Band/Sechster Abschnitt/[Der Baron von B.]	Literatur-Hoffmann,-E.-T.-A./tg133.txt	not defined
Hoffmann, E. T. A.	Romantik	Erzählung	Erzählungen, Märchen und Schriften/Die Serapionsbrüder/Dritter Band/Sechster Abschnitt/Das Fräulein von Scuderi	Literatur-Hoffmann,-E.-T.-A./tg131.txt	not defined
Hoffmann, E. T. A.	Romantik	Erzählung	Erzählungen, Märchen und Schriften/Die Serapionsbrüder/Dritter Band/Sechster Abschnitt/Spielerglück	Literatur-Hoffmann,-E.-T.-A./tg132.txt	not defined
Hoffmann, E. T. A.	Romantik	Erzählung	Erzählungen, Märchen und Schriften/Die Serapionsbrüder/Erster Band/Erster Abschnitt/[Der Einsiedler Serapion]	Literatur-Hoffmann,-E.-T.-A./tg99.txt	not defined
Hoffmann, E. T. A.	Romantik	Erzählung	Erzählungen, Märchen und Schriften/Die Serapionsbrüder/Erster Band/Erster Abschnitt/[Rat Krespel]	Literatur-Hoffmann,-E.-T.-A./tg100.txt	not defined
Hoffmann, E. T. A.	Romantik	Erzählung	Erzählungen, Märchen und Schriften/Die Serapionsbrüder/Erster Band/Erster Abschnitt/[Serapion und das serapiontische Prinzip]	Literatur-Hoffmann,-E.-T.-A./tg101.txt	not defined
Hoffmann, E. T. A.	Romantik	Erzählung	Erzählungen, Märchen und Schriften/Die Serapionsbrüder/Erster Band/Erster Abschnitt/Der Dichter und der Komponist	Literatur-Hoffmann,-E.-T.-A./tg103.txt	not defined
Hoffmann, E. T. A.	Romantik	Erzählung	Erzählungen, Märchen und Schriften/Die Serapionsbrüder/Erster Band/Erster Abschnitt/Die Fermate	Literatur-Hoffmann,-E.-T.-A./tg102.txt	not defined
Hoffmann, E. T. A.	Romantik	Erzählung	Erzählungen, Märchen und Schriften/Die Serapionsbrüder/Erster Band/Zweiter Abschnitt/Der Artushof	Literatur-Hoffmann,-E.-T.-A./tg106.txt	not defined
Hoffmann, E. T. A.	Romantik	Erzählung	Erzählungen, Märchen und Schriften/Die Serapionsbrüder/Erster Band/Zweiter Abschnitt/Die Bergwerke zu Falun	Literatur-Hoffmann,-E.-T.-A./tg107.txt	not defined
Hoffmann, E. T. A.	Romantik	Erzählung	Erzählungen, Märchen und Schriften/Die Serapionsbrüder/Erster Band/Zweiter Abschnitt/Ein Fragment aus dem Leben dreier Freunde	Literatur-Hoffmann,-E.-T.-A./tg105.txt	not defined
Hoffmann, E. T. A.	Romantik	Erzählung	Erzählungen, Märchen und Schriften/Die Serapionsbrüder/Erster Band/Zweiter Abschnitt/Nußknacker und Mausekönig	Literatur-Hoffmann,-E.-T.-A./tg108.txt	not defined
Hoffmann, E. T. A.	Romantik	Erzählung	Erzählungen, Märchen und Schriften/Die Serapionsbrüder/Vierter Band/Achter Abschnitt/[Die ästhetische Teegesellschaft]	Literatur-Hoffmann,-E.-T.-A./tg142.txt	not defined
Hoffmann, E. T. A.	Romantik	Erzählung	Erzählungen, Märchen und Schriften/Die Serapionsbrüder/Vierter Band/Achter Abschnitt/[Vampirismus]	Literatur-Hoffmann,-E.-T.-A./tg141.txt	not defined
Hoffmann, E. T. A.	Romantik	Erzählung	Erzählungen, Märchen und Schriften/Die Serapionsbrüder/Vierter Band/Achter Abschnitt/Der Zusammenhang der Dinge	Literatur-Hoffmann,-E.-T.-A./tg140.txt	not defined
Hoffmann, E. T. A.	Romantik	Erzählung	Erzählungen, Märchen und Schriften/Die Serapionsbrüder/Vierter Band/Achter Abschnitt/Die Königsbraut	Literatur-Hoffmann,-E.-T.-A./tg143.txt	not defined
Hoffmann, E. T. A.	Romantik	Erzählung	Erzählungen, Märchen und Schriften/Die Serapionsbrüder/Vierter Band/Siebenter Abschnitt/[Zacharias Werner]	Literatur-Hoffmann,-E.-T.-A./tg137.txt	not defined
Hoffmann, E. T. A.	Romantik	Erzählung	Erzählungen, Märchen und Schriften/Die Serapionsbrüder/Vierter Band/Siebenter Abschnitt/Erscheinungen	Literatur-Hoffmann,-E.-T.-A./tg138.txt	not defined
Hoffmann, E. T. A.	Romantik	Erzählung	Erzählungen, Märchen und Schriften/Die Serapionsbrüder/Vierter Band/Siebenter Abschnitt/Signor Formica	Literatur-Hoffmann,-E.-T.-A./tg136.txt	not defined
Hoffmann, E. T. A.	Romantik	Erzählung	Erzählungen, Märchen und Schriften/Die Serapionsbrüder/Zweiter Band/Dritter Abschnitt/[Eine Spukgeschichte]	Literatur-Hoffmann,-E.-T.-A./tg112.txt	not defined
Hoffmann, E. T. A.	Romantik	Erzählung	Erzählungen, Märchen und Schriften/Die Serapionsbrüder/Zweiter Band/Dritter Abschnitt/Der Kampf der Sänger	Literatur-Hoffmann,-E.-T.-A./tg111.txt	not defined
Hoffmann, E. T. A.	Romantik	Erzählung	Erzählungen, Märchen und Schriften/Die Serapionsbrüder/Zweiter Band/Dritter Abschnitt/Die Automate	Literatur-Hoffmann,-E.-T.-A./tg113.txt	not defined
Hoffmann, E. T. A.	Romantik	Erzählung	Erzählungen, Märchen und Schriften/Die Serapionsbrüder/Zweiter Band/Dritter Abschnitt/Doge und Dogaresse	Literatur-Hoffmann,-E.-T.-A./tg114.txt	not defined
Hoffmann, E. T. A.	Romantik	Erzählung	Erzählungen, Märchen und Schriften/Die Serapionsbrüder/Zweiter Band/Vierter Abschnitt/[Alte und neue Kirchenmusik]	Literatur-Hoffmann,-E.-T.-A./tg116.txt	not defined
Hoffmann, E. T. A.	Romantik	Erzählung	Erzählungen, Märchen und Schriften/Die Serapionsbrüder/Zweiter Band/Vierter Abschnitt/Das fremde Kind	Literatur-Hoffmann,-E.-T.-A./tg118.txt	not defined
Hoffmann, E. T. A.	Romantik	Erzählung	Erzählungen, Märchen und Schriften/Die Serapionsbrüder/Zweiter Band/Vierter Abschnitt/Meister Martin der Küfner und seine Gesellen	Literatur-Hoffmann,-E.-T.-A./tg117.txt	not defined
Hoffmann, E. T. A.	Romantik	Erzählung	Erzählungen, Märchen und Schriften/Fantasiestücke in Callots Manier	Literatur-Hoffmann,-E.-T.-A./tg27.txt	not defined
Hoffmann, E. T. A.	Romantik	Erzählung	Erzählungen, Märchen und Schriften/Klein Zaches	Literatur-Hoffmann,-E.-T.-A./tg84.txt	not defined
Hoffmann, E. T. A.	Romantik	Erzählung	Erzählungen, Märchen und Schriften/Letzte Erzählungen/Datura fastuosa	Literatur-Hoffmann,-E.-T.-A./tg196.txt	not defined
Hoffmann, E. T. A.	Romantik	Erzählung	Erzählungen, Märchen und Schriften/Letzte Erzählungen/Der Elementargeist	Literatur-Hoffmann,-E.-T.-A./tg185.txt	not defined
Hoffmann, E. T. A.	Romantik	Erzählung	Erzählungen, Märchen und Schriften/Letzte Erzählungen/Der Feind	Literatur-Hoffmann,-E.-T.-A./tg208.txt	not defined
Hoffmann, E. T. A.	Romantik	Erzählung	Erzählungen, Märchen und Schriften/Letzte Erzählungen/Des Vetters Eckfenster	Literatur-Hoffmann,-E.-T.-A./tg203.txt	not defined
Hoffmann, E. T. A.	Romantik	Erzählung	Erzählungen, Märchen und Schriften/Letzte Erzählungen/Die Doppeltgänger	Literatur-Hoffmann,-E.-T.-A./tg187.txt	not defined
Hoffmann, E. T. A.	Romantik	Erzählung	Erzählungen, Märchen und Schriften/Letzte Erzählungen/Die Geheimnisse	Literatur-Hoffmann,-E.-T.-A./tg178.txt	not defined
Hoffmann, E. T. A.	Romantik	Erzählung	Erzählungen, Märchen und Schriften/Letzte Erzählungen/Die Genesung	Literatur-Hoffmann,-E.-T.-A./tg205.txt	not defined
Hoffmann, E. T. A.	Romantik	Erzählung	Erzählungen, Märchen und Schriften/Letzte Erzählungen/Die Irrungen	Literatur-Hoffmann,-E.-T.-A./tg171.txt	not defined
Hoffmann, E. T. A.	Romantik	Erzählung	Erzählungen, Märchen und Schriften/Letzte Erzählungen/Die Marquise de la Pivardiere	Literatur-Hoffmann,-E.-T.-A./tg170.txt	not defined
Hoffmann, E. T. A.	Romantik	Erzählung	Erzählungen, Märchen und Schriften/Letzte Erzählungen/Die Räuber	Literatur-Hoffmann,-E.-T.-A./tg186.txt	not defined
Hoffmann, E. T. A.	Romantik	Erzählung	Erzählungen, Märchen und Schriften/Letzte Erzählungen/Haimatochare	Literatur-Hoffmann,-E.-T.-A./tg169.txt	not defined
Hoffmann, E. T. A.	Romantik	Erzählung	Erzählungen, Märchen und Schriften/Letzte Erzählungen/Meister Johannes Wacht	Literatur-Hoffmann,-E.-T.-A./tg207.txt	not defined
Hoffmann, E. T. A.	Romantik	Erzählung	Erzählungen, Märchen und Schriften/Letzte Erzählungen/Neueste Schicksale eines abenteuerlichen Mannes	Literatur-Hoffmann,-E.-T.-A./tg206.txt	not defined
Hoffmann, E. T. A.	Romantik	Erzählung	Erzählungen, Märchen und Schriften/Meister Floh	Literatur-Hoffmann,-E.-T.-A./tg160.txt	not defined
Hoffmann, E. T. A.	Romantik	Erzählung	Erzählungen, Märchen und Schriften/Nachtstücke/Erster Teil/Das Sanctus	Literatur-Hoffmann,-E.-T.-A./tg75.txt	not defined
Hoffmann, E. T. A.	Romantik	Erzählung	Erzählungen, Märchen und Schriften/Nachtstücke/Erster Teil/Der Sandmann	Literatur-Hoffmann,-E.-T.-A./tg72.txt	not defined
Hoffmann, E. T. A.	Romantik	Erzählung	Erzählungen, Märchen und Schriften/Nachtstücke/Erster Teil/Die Jesuiterkirche in G.	Literatur-Hoffmann,-E.-T.-A./tg74.txt	not defined
Hoffmann, E. T. A.	Romantik	Erzählung	Erzählungen, Märchen und Schriften/Nachtstücke/Erster Teil/Ignaz Denner	Literatur-Hoffmann,-E.-T.-A./tg73.txt	not defined
Hoffmann, E. T. A.	Romantik	Erzählung	Erzählungen, Märchen und Schriften/Nachtstücke/Zweiter Teil/Das Gelübde	Literatur-Hoffmann,-E.-T.-A./tg79.txt	not defined
Hoffmann, E. T. A.	Romantik	Erzählung	Erzählungen, Märchen und Schriften/Nachtstücke/Zweiter Teil/Das Majorat	Literatur-Hoffmann,-E.-T.-A./tg78.txt	not defined
Hoffmann, E. T. A.	Romantik	Erzählung	Erzählungen, Märchen und Schriften/Nachtstücke/Zweiter Teil/Das öde Haus	Literatur-Hoffmann,-E.-T.-A./tg77.txt	not defined
Hoffmann, E. T. A.	Romantik	Erzählung	Erzählungen, Märchen und Schriften/Nachtstücke/Zweiter Teil/Das steinerne Herz	Literatur-Hoffmann,-E.-T.-A./tg80.txt	not defined
Hoffmann, E. T. A.	Romantik	Erzählung	Erzählungen, Märchen und Schriften/Prinzessin Brambilla	Literatur-Hoffmann,-E.-T.-A./tg150.txt	not defined
Hoffmann, E. T. A.	Romantik	Erzählung	Erzählungen, Märchen und Schriften/Seltsame Leiden eines Theaterdirektors	Literatur-Hoffmann,-E.-T.-A./tg81.txt	not defined
Hoffmann, E. T. A.	Romantik	Roman	Romane/Die Elixiere des Teufels	Literatur-Hoffmann,-E.-T.-A./tg4.txt	Romantik_Kern
Hoffmann, E. T. A.	Romantik	Roman	Romane/Lebensansichten des Katers Murr	Literatur-Hoffmann,-E.-T.-A./tg15.txt	Romantik_Kern
Hölderlin, Friedrich	Romantik	Roman	Roman/Fragment von Hyperion	Literatur-Hoelderlin,-Friedrich/tg323.txt	Romantik_Kern
Hölderlin, Friedrich	Romantik	Roman	Roman/Hyperion oder der Eremit in Griechenland	Literatur-Hoelderlin,-Friedrich/tg331.txt	Romantik_Kern
Hölderlin, Friedrich	Romantik	Roman	Roman/Hyperions Jugend	Literatur-Hoelderlin,-Friedrich/tg324.txt	Romantik_Kern
Huber, Therese	not defined	Roman	Die Familie Seldorf	droro_e1/Huber_Therese_Die_Familie_Seldorf.txt	Romantik_E1
Huber, Therese	not defined	Roman	Ellen Percy	droro_e1/Huber_Therese_Ellen_Percy.txt	Romantik_E1
Huber, Therese	not defined	Roman	Luise	droro_e1/Huber_Therese_Luise.txt	Romantik_E1
Jacobi, Friedrich Heinrich	not defined	Roman	Aus Eduard Allwills Papieren	droro_e2/Jacobi_Friedrich_Heinrich_Aus_Eduard_Allwills_Papieren.txt	Romantik_E2
Jacobi, Friedrich Heinrich	not defined	Roman	Woldemar	droro_e2/Jacobi_Friedrich_Heinrich_Woldemar.txt	Romantik_E2
Jean Paul	not defined	Roman	Der Komet	droro_e1/Paul_Jean_Komet.txt	Romantik_E1
Jean Paul	Romantik	Roman	Romane und Erzählungen/Blumen-, Frucht- und Dornenstücke	Literatur-Jean-Paul/tg160.txt	Romantik_Kern
Jean Paul	Romantik	Roman	Romane und Erzählungen/Des Feldpredigers Schmelzle Reise nach Flätz	Literatur-Jean-Paul/tg472.txt	Romantik_E1
Jean Paul	Romantik	Roman	Romane und Erzählungen/Des Luftschiffers Giannozzo Seebuch	Literatur-Jean-Paul/tg387.txt	Romantik_E1
Jean Paul	Romantik	Roman	Romane und Erzählungen/Die unsichtbare Loge	Literatur-Jean-Paul/tg4.txt	Romantik_E1
Jean Paul	Romantik	Erzählung	Romane und Erzählungen/Die wunderbare Gesellschaft in der Neujahrsnacht	Literatur-Jean-Paul/tg402.txt	not defined
Jean Paul	Romantik	Roman	Romane und Erzählungen/Dr. Katzenbergers Badereise	Literatur-Jean-Paul/tg483.txt	Romantik_E1
Jean Paul	Romantik	Roman	Romane und Erzählungen/Flegeljahre	Literatur-Jean-Paul/tg403.txt	Romantik_Kern
Jean Paul	Romantik	Roman	Romane und Erzählungen/Hesperus oder 45 Hundsposttage	Literatur-Jean-Paul/tg68.txt	Romantik_Kern
Jean Paul	Romantik	Roman	Romane und Erzählungen/Leben des Quintus Fixlein	Literatur-Jean-Paul/tg132.txt	Romantik_E1
Jean Paul	Romantik	Roman	Romane und Erzählungen/Titan	Literatur-Jean-Paul/tg199.txt	Romantik_E1
Jean Paul	not defined	Roman	Selina oder über die Unsterblichkeit der Seele	droro_e1/Paul_Jean_Selina.txt	Romantik_E1
Jensen, Wilhelm	Realismus	prose	Erzählung/Gradiva	Literatur-Jensen,-Wilhelm/tg4.txt	not defined
Keller, Gottfried	Realismus	prose	Erzählungen/Das Sinngedicht	Literatur-Keller,-Gottfried/tg830.txt	not defined
Keller, Gottfried	Realismus	prose	Erzählungen/Die Leute von Seldwyla/Erster Band/Die drei gerechten Kammacher	Literatur-Keller,-Gottfried/tg805.txt	not defined
Keller, Gottfried	Realismus	prose	Erzählungen/Die Leute von Seldwyla/Erster Band/Frau Regel Amrain und ihr Jüngster	Literatur-Keller,-Gottfried/tg804.txt	not defined
Keller, Gottfried	Realismus	prose	Erzählungen/Die Leute von Seldwyla/Erster Band/Pankraz, der Schmoller	Literatur-Keller,-Gottfried/tg802.txt	not defined
Keller, Gottfried	Realismus	prose	Erzählungen/Die Leute von Seldwyla/Erster Band/Romeo und Julia auf dem Dorfe	Literatur-Keller,-Gottfried/tg803.txt	not defined
Keller, Gottfried	Realismus	prose	Erzählungen/Die Leute von Seldwyla/Erster Band/Spiegel, das Kätzchen. Ein Märchen	Literatur-Keller,-Gottfried/tg806.txt	not defined
Keller, Gottfried	Realismus	prose	Erzählungen/Die Leute von Seldwyla/Zweiter Band/Das verlorne Lachen	Literatur-Keller,-Gottfried/tg812.txt	not defined
Keller, Gottfried	Realismus	prose	Erzählungen/Die Leute von Seldwyla/Zweiter Band/Der Schmied seines Glückes	Literatur-Keller,-Gottfried/tg809.txt	not defined
Keller, Gottfried	Realismus	prose	Erzählungen/Die Leute von Seldwyla/Zweiter Band/Die mißbrauchten Liebesbriefe	Literatur-Keller,-Gottfried/tg810.txt	not defined
Keller, Gottfried	Realismus	prose	Erzählungen/Die Leute von Seldwyla/Zweiter Band/Dietegen	Literatur-Keller,-Gottfried/tg811.txt	not defined
Keller, Gottfried	Realismus	prose	Erzählungen/Die Leute von Seldwyla/Zweiter Band/Kleider machen Leute	Literatur-Keller,-Gottfried/tg808.txt	not defined
Keller, Gottfried	Realismus	prose	Erzählungen/Züricher Novellen/Erster Band/Der Landvogt von Greifensee	Literatur-Keller,-Gottfried/tg821.txt	not defined
Keller, Gottfried	Realismus	prose	Erzählungen/Züricher Novellen/Erster Band/Der Narr auf Manegg	Literatur-Keller,-Gottfried/tg820.txt	not defined
Keller, Gottfried	Realismus	prose	Erzählungen/Züricher Novellen/Erster Band/Hadlaub	Literatur-Keller,-Gottfried/tg819.txt	not defined
Keller, Gottfried	Realismus	prose	Erzählungen/Züricher Novellen/Zweiter Band/Das Fähnlein der sieben Aufrechten	Literatur-Keller,-Gottfried/tg823.txt	not defined
Keller, Gottfried	Realismus	prose	Erzählungen/Züricher Novellen/Zweiter Band/Ursula	Literatur-Keller,-Gottfried/tg824.txt	not defined
Keller, Gottfried	Realismus	prose	Romane/Der grüne Heinrich [Erste Fassung]	Literatur-Keller,-Gottfried/tg658.txt	not defined
Keller, Gottfried	Realismus	prose	Romane/Der grüne Heinrich [Zweite Fassung]	Literatur-Keller,-Gottfried/tg702.txt	not defined
Keller, Gottfried	Realismus	prose	Romane/Martin Salander	Literatur-Keller,-Gottfried/tg777.txt	not defined
Kerner, Justinus	Romantik	Erzählung	Erzählung/Die Heimatlosen	Literatur-Kerner,-Justinus/tg516.txt	not defined
Kerner, Justinus	not defined	Roman	Reiseschatten	droro_e1/Kerner_Justinus_Reiseschatten.txt	Romantik_E1
Kleist, Heinrich von	Romantik	Erzählung	Erzählprosa/[Anekdoten und Kurzgeschichten]/Anekdote aus dem letzten preußischen Kriege	Literatur-Kleist,-Heinrich-von/tg380.txt	not defined
Kleist, Heinrich von	Romantik	Erzählung	Erzählprosa/[Anekdoten und Kurzgeschichten]/Der Neuere (glücklichere) Werther	Literatur-Kleist,-Heinrich-von/tg400.txt	not defined
Kleist, Heinrich von	Romantik	Erzählung	Erzählprosa/[Anekdoten und Kurzgeschichten]/Geistererscheinung	Literatur-Kleist,-Heinrich-von/tg409.txt	not defined
Kleist, Heinrich von	Romantik	Erzählung	Erzählprosa/[Anekdoten und Kurzgeschichten]/Geschichte eines merkwürdigen Zweikampfs	Literatur-Kleist,-Heinrich-von/tg408.txt	not defined
Kleist, Heinrich von	Romantik	Erzählung	Erzählprosa/[Anekdoten und Kurzgeschichten]/Sonderbare Geschichte, die sich, zu meiner Zeit, in Italien	Literatur-Kleist,-Heinrich-von/tg398.txt	not defined
Kleist, Heinrich von	Romantik	Erzählung	Erzählprosa/[Anekdoten und Kurzgeschichten]/Unwahrscheinliche Wahrhaftigkeiten	Literatur-Kleist,-Heinrich-von/tg405.txt	not defined
Kleist, Heinrich von	Romantik	Erzählung	Erzählprosa/[Anekdoten und Kurzgeschichten]/Uralte Reichstagsfeierlichkeit, oder Kampf der Blinden mit dem	Literatur-Kleist,-Heinrich-von/tg391.txt	not defined
Kleist, Heinrich von	Romantik	Erzählung	Erzählprosa/[Anekdoten und Kurzgeschichten]/Wassermänner und Sirenen	Literatur-Kleist,-Heinrich-von/tg406.txt	not defined
Kleist, Heinrich von	Romantik	Erzählung	Erzählprosa/Erzählungen/Das Bettelweib von Locarno	Literatur-Kleist,-Heinrich-von/tg371.txt	not defined
Kleist, Heinrich von	Romantik	Erzählung	Erzählprosa/Erzählungen/Das Erdbeben in Chili	Literatur-Kleist,-Heinrich-von/tg369.txt	not defined
Kleist, Heinrich von	Romantik	Erzählung	Erzählprosa/Erzählungen/Der Findling	Literatur-Kleist,-Heinrich-von/tg372.txt	not defined
Kleist, Heinrich von	Romantik	Erzählung	Erzählprosa/Erzählungen/Der Zweikampf	Literatur-Kleist,-Heinrich-von/tg374.txt	not defined
Kleist, Heinrich von	Romantik	Erzählung	Erzählprosa/Erzählungen/Die heilige Cäcilie	Literatur-Kleist,-Heinrich-von/tg373.txt	not defined
Kleist, Heinrich von	Romantik	Erzählung	Erzählprosa/Erzählungen/Die Marquise von O...	Literatur-Kleist,-Heinrich-von/tg368.txt	not defined
Kleist, Heinrich von	Romantik	Erzählung	Erzählprosa/Erzählungen/Die Verlobung in St. Domingo	Literatur-Kleist,-Heinrich-von/tg370.txt	not defined
Kleist, Heinrich von	Romantik	Erzählung	Erzählprosa/Erzählungen/Michael Kohlhaas	Literatur-Kleist,-Heinrich-von/tg367.txt	not defined
Klingemann, August	Romantik	Roman	Roman/Die Nachtwachen des Bonaventura	Literatur-Klingemann,-August/tg57.txt	Romantik_Kern
Liebeskind, Margareta Sophia	Romantik	prose	Roman/Maria	Literatur-Liebeskind,-Margareta-Sophia/tg4.txt	Romantik_E2
Ludwig, Otto	Realismus	prose	Erzählungen/Die Heiteretei und ihr Widerspiel	Literatur-Ludwig,-Otto/tg64.txt	not defined
Ludwig, Otto	Realismus	prose	Erzählungen/Zwischen Himmel und Erde	Literatur-Ludwig,-Otto/tg63.txt	not defined
Mereau, Sophie	Romantik	Roman	Romane/Amanda und Eduard	Literatur-Mereau,-Sophie/tg7.txt	Romantik_Kern
Mereau, Sophie	Romantik	Roman	Romane/Das Blüthenalter der Empfindung	Literatur-Mereau,-Sophie/tg4.txt	Romantik_E1
Meyer, Conrad Ferdinand	Realismus	prose	Erzählungen/Angela Borgia	Literatur-Meyer,-Conrad-Ferdinand/tg421.txt	not defined
Meyer, Conrad Ferdinand	Realismus	prose	Erzählungen/Das Amulett	Literatur-Meyer,-Conrad-Ferdinand/tg330.txt	not defined
Meyer, Conrad Ferdinand	Realismus	prose	Erzählungen/Das Leiden eines Knaben	Literatur-Meyer,-Conrad-Ferdinand/tg406.txt	not defined
Meyer, Conrad Ferdinand	Realismus	prose	Erzählungen/Der Heilige	Literatur-Meyer,-Conrad-Ferdinand/tg386.txt	not defined
Meyer, Conrad Ferdinand	Realismus	prose	Erzählungen/Der Schuß von der Kanzel	Literatur-Meyer,-Conrad-Ferdinand/tg374.txt	not defined
Meyer, Conrad Ferdinand	Realismus	prose	Erzählungen/Die Hochzeit des Mönchs	Literatur-Meyer,-Conrad-Ferdinand/tg407.txt	not defined
Meyer, Conrad Ferdinand	Realismus	prose	Erzählungen/Die Richterin	Literatur-Meyer,-Conrad-Ferdinand/tg408.txt	not defined
Meyer, Conrad Ferdinand	Realismus	prose	Erzählungen/Die Versuchung des Pescara	Literatur-Meyer,-Conrad-Ferdinand/tg414.txt	not defined
Meyer, Conrad Ferdinand	Realismus	prose	Erzählungen/Gustav Adolfs Page	Literatur-Meyer,-Conrad-Ferdinand/tg400.txt	not defined
Meyer, Conrad Ferdinand	Realismus	prose	Erzählungen/Jürg Jenatsch	Literatur-Meyer,-Conrad-Ferdinand/tg341.txt	not defined
Meyer, Conrad Ferdinand	Realismus	prose	Erzählungen/Plautus im Nonnenkloster	Literatur-Meyer,-Conrad-Ferdinand/tg434.txt	not defined
Mörike, Eduard	not defined	Roman	Maler Nolten	droro_e2/Moerike_Eduard_Maler_Nolten.txt	Romantik_E2
Moritz, Karl Philipp	Klassik	prose	Romane/Andreas Hartknopf. Eine Allegorie	Literatur-Moritz,-Karl-Philipp/tg9.txt	Romantik_E2
Moritz, Karl Philipp	Klassik	prose	Romane/Andreas Hartknopfs Predigerjahre	Literatur-Moritz,-Karl-Philipp/tg21.txt	Romantik_E2
Moritz, Karl Philipp	Klassik	prose	Romane/Anton Reiser	Literatur-Moritz,-Karl-Philipp/tg4.txt	Romantik_E2
Mundt, Theodor	Romantik	prose	Roman/Madonna. Unterhaltungen mit einer Heiligen	Literatur-Mundt,-Theodor/tg4.txt	Romantik_E2
Naubert, Benedikte	not defined	Roman	Alf von Dülmen	droro_e1/Naubert_Benedikte_Alf_von_Duelmen.txt	Romantik_E1
Naubert, Benedikte	not defined	Roman	Conrad und Siegfried von Feuchtwangen. Teil I.	droro_e1/Naubert_Benedikte_Conrad_und_Siegfried.txt	Romantik_E1
Naubert, Benedikte	not defined	Roman	Die Amtmannin von Hohenweiler	droro_e2/Naubert_Benedikte_Die_Amtmannin_von_Hohenweiler.txt	Romantik_E2
Naubert, Benedikte	not defined	Roman	Herrmann von Unna	droro_e2/Naubert_Benedikte_Herrmann_von_Unna.txt	Romantik_E2
Novalis	Romantik	Roman	Romane/Die Lehrlinge zu Sais	Literatur-Novalis/tg28.txt	Romantik_Kern
Novalis	Romantik	Roman	Romane/Heinrich von Ofterdingen	Literatur-Novalis/tg31.txt	Romantik_Kern
Raabe, Wilhelm	Realismus	prose	Erzählungen/Das Odfeld	Literatur-Raabe,-Wilhelm/tg256.txt	not defined
Raabe, Wilhelm	Realismus	prose	Erzählungen/Die Gänse von Bützow	Literatur-Raabe,-Wilhelm/tg229.txt	not defined
Raabe, Wilhelm	Realismus	prose	Erzählungen/Die schwarze Galeere	Literatur-Raabe,-Wilhelm/tg221.txt	not defined
Raabe, Wilhelm	Realismus	prose	Erzählungen/Else von der Tanne	Literatur-Raabe,-Wilhelm/tg228.txt	not defined
Raabe, Wilhelm	Realismus	prose	Erzählungen/Frau Salome	Literatur-Raabe,-Wilhelm/tg243.txt	not defined
Raabe, Wilhelm	Realismus	prose	Erzählungen/Hastenbeck	Literatur-Raabe,-Wilhelm/tg283.txt	not defined
Raabe, Wilhelm	Realismus	prose	Romane/Abu Telfan oder Die Heimkehr vom Mondgebirge	Literatur-Raabe,-Wilhelm/tg81.txt	not defined
Raabe, Wilhelm	Realismus	prose	Romane/Alte Nester	Literatur-Raabe,-Wilhelm/tg157.txt	not defined
Raabe, Wilhelm	Realismus	prose	Romane/Der Hungerpastor	Literatur-Raabe,-Wilhelm/tg43.txt	not defined
Raabe, Wilhelm	Realismus	prose	Romane/Der Schüdderump	Literatur-Raabe,-Wilhelm/tg119.txt	not defined
Raabe, Wilhelm	Realismus	prose	Romane/Die Akten des Vogelsangs	Literatur-Raabe,-Wilhelm/tg219.txt	not defined
Raabe, Wilhelm	Realismus	prose	Romane/Die Chronik der Sperlingsgasse	Literatur-Raabe,-Wilhelm/tg4.txt	not defined
Raabe, Wilhelm	Realismus	prose	Romane/Die Leute aus dem Walde, ihre Sterne, Wege und Schicksale	Literatur-Raabe,-Wilhelm/tg5.txt	not defined
Raabe, Wilhelm	Realismus	prose	Romane/Im alten Eisen	Literatur-Raabe,-Wilhelm/tg195.txt	not defined
Raabe, Wilhelm	Realismus	prose	Romane/Stopfkuchen. Eine See- und Mordgeschichte	Literatur-Raabe,-Wilhelm/tg218.txt	not defined
Saar, Ferdinand von	Realismus	prose	Erzählungen/Novellen aus Österreich/1. Teil/Das Haus Reichegg	Literatur-Saar,-Ferdinand-von/tg203.txt	not defined
Saar, Ferdinand von	Realismus	prose	Erzählungen/Novellen aus Österreich/1. Teil/Die Geigerin	Literatur-Saar,-Ferdinand-von/tg202.txt	not defined
Saar, Ferdinand von	Realismus	prose	Erzählungen/Novellen aus Österreich/1. Teil/Die Steinklopfer	Literatur-Saar,-Ferdinand-von/tg197.txt	not defined
Saar, Ferdinand von	Realismus	prose	Erzählungen/Novellen aus Österreich/1. Teil/Innocens	Literatur-Saar,-Ferdinand-von/tg195.txt	not defined
Saar, Ferdinand von	Realismus	prose	Erzählungen/Novellen aus Österreich/1. Teil/Marianne	Literatur-Saar,-Ferdinand-von/tg196.txt	not defined
Saar, Ferdinand von	Realismus	prose	Erzählungen/Novellen aus Österreich/2. Teil/Der »Exzellenzherr«	Literatur-Saar,-Ferdinand-von/tg208.txt	not defined
Saar, Ferdinand von	Realismus	prose	Erzählungen/Novellen aus Österreich/2. Teil/Tambi	Literatur-Saar,-Ferdinand-von/tg209.txt	not defined
Saar, Ferdinand von	Realismus	prose	Erzählungen/Novellen aus Österreich/2. Teil/Vae victis!	Literatur-Saar,-Ferdinand-von/tg207.txt	not defined
Saar, Ferdinand von	Realismus	prose	Erzählungen/Novellen aus Österreich/3. Teil/Die Troglodytin	Literatur-Saar,-Ferdinand-von/tg230.txt	not defined
Saar, Ferdinand von	Realismus	prose	Erzählungen/Novellen aus Österreich/3. Teil/Geschichte eines Wienerkindes	Literatur-Saar,-Ferdinand-von/tg244.txt	not defined
Saar, Ferdinand von	Realismus	prose	Erzählungen/Novellen aus Österreich/3. Teil/Ginevra	Literatur-Saar,-Ferdinand-von/tg236.txt	not defined
Saar, Ferdinand von	Realismus	prose	Erzählungen/Novellen aus Österreich/3. Teil/Leutnant Burda	Literatur-Saar,-Ferdinand-von/tg215.txt	not defined
Saar, Ferdinand von	Realismus	prose	Erzählungen/Novellen aus Österreich/3. Teil/Schloß Kostenitz	Literatur-Saar,-Ferdinand-von/tg254.txt	not defined
Saar, Ferdinand von	Realismus	prose	Erzählungen/Novellen aus Österreich/3. Teil/Seligmann Hirsch	Literatur-Saar,-Ferdinand-von/tg225.txt	not defined
Saar, Ferdinand von	Realismus	prose	Erzählungen/Novellen aus Österreich/4. Teil/Conte Gasparo	Literatur-Saar,-Ferdinand-von/tg294.txt	not defined
Saar, Ferdinand von	Realismus	prose	Erzählungen/Novellen aus Österreich/4. Teil/Doktor Trojan	Literatur-Saar,-Ferdinand-von/tg291.txt	not defined
Saar, Ferdinand von	Realismus	prose	Erzählungen/Novellen aus Österreich/4. Teil/Herr Fridolin und sein Glück	Literatur-Saar,-Ferdinand-von/tg266.txt	not defined
Saar, Ferdinand von	Realismus	prose	Erzählungen/Novellen aus Österreich/4. Teil/Ninon	Literatur-Saar,-Ferdinand-von/tg275.txt	not defined
Saar, Ferdinand von	Realismus	prose	Erzählungen/Novellen aus Österreich/4. Teil/Requiem der Liebe	Literatur-Saar,-Ferdinand-von/tg281.txt	not defined
Saar, Ferdinand von	Realismus	prose	Erzählungen/Novellen aus Österreich/4. Teil/Sündenfall	Literatur-Saar,-Ferdinand-von/tg298.txt	not defined
Saar, Ferdinand von	Realismus	prose	Erzählungen/Novellen aus Österreich/5. Teil/Außer Dienst	Literatur-Saar,-Ferdinand-von/tg322.txt	not defined
Saar, Ferdinand von	Realismus	prose	Erzählungen/Novellen aus Österreich/5. Teil/Der Brauer von Habrovan	Literatur-Saar,-Ferdinand-von/tg318.txt	not defined
Saar, Ferdinand von	Realismus	prose	Erzählungen/Novellen aus Österreich/5. Teil/Der Burggraf	Literatur-Saar,-Ferdinand-von/tg313.txt	not defined
Saar, Ferdinand von	Realismus	prose	Erzählungen/Novellen aus Österreich/5. Teil/Der Hellene	Literatur-Saar,-Ferdinand-von/tg328.txt	not defined
Saar, Ferdinand von	Realismus	prose	Erzählungen/Novellen aus Österreich/5. Teil/Die Brüder	Literatur-Saar,-Ferdinand-von/tg300.txt	not defined
Saar, Ferdinand von	Realismus	prose	Erzählungen/Novellen aus Österreich/5. Teil/Die Heirat des Herrn Stäudl	Literatur-Saar,-Ferdinand-von/tg323.txt	not defined
Saar, Ferdinand von	Realismus	prose	Erzählungen/Novellen aus Österreich/5. Teil/Die Parzen	Literatur-Saar,-Ferdinand-von/tg309.txt	not defined
Saar, Ferdinand von	Realismus	prose	Erzählungen/Novellen aus Österreich/5. Teil/Dissonanzen	Literatur-Saar,-Ferdinand-von/tg332.txt	not defined
Saar, Ferdinand von	Realismus	prose	Erzählungen/Novellen aus Österreich/6. Teil/Die Familie Worel	Literatur-Saar,-Ferdinand-von/tg334.txt	not defined
Saar, Ferdinand von	Realismus	prose	Erzählungen/Novellen aus Österreich/6. Teil/Die Pfründner	Literatur-Saar,-Ferdinand-von/tg348.txt	not defined
Saar, Ferdinand von	Realismus	prose	Erzählungen/Novellen aus Österreich/6. Teil/Hymen	Literatur-Saar,-Ferdinand-von/tg342.txt	not defined
Saar, Ferdinand von	Realismus	prose	Erzählungen/Novellen aus Österreich/6. Teil/Sappho	Literatur-Saar,-Ferdinand-von/tg339.txt	not defined
Saar, Ferdinand von	Realismus	prose	Erzählungen/Tragik des Lebens/Die Familie Worel	Literatur-Saar,-Ferdinand-von/tg356.txt	not defined
Saar, Ferdinand von	Realismus	prose	Erzählungen/Tragik des Lebens/Die Pfründner	Literatur-Saar,-Ferdinand-von/tg371.txt	not defined
Saar, Ferdinand von	Realismus	prose	Erzählungen/Tragik des Lebens/Hymen	Literatur-Saar,-Ferdinand-von/tg364.txt	not defined
Saar, Ferdinand von	Realismus	prose	Erzählungen/Tragik des Lebens/Sappho	Literatur-Saar,-Ferdinand-von/tg361.txt	not defined
Schiller, Friedrich	Klassik	Erzählung	Erzählungen/[Das philosophische Gespräch aus dem Geisterseher]	Literatur-Schiller,-Friedrich/tg1489.txt	not defined
Schiller, Friedrich	Klassik	Erzählung	Erzählungen/Der Geisterseher	Literatur-Schiller,-Friedrich/tg1486.txt	Romantik_E2
Schiller, Friedrich	Klassik	Erzählung	Erzählungen/Der Verbrecher aus verlorener Ehre	Literatur-Schiller,-Friedrich/tg1485.txt	not defined
Schiller, Friedrich	Klassik	Erzählung	Erzählungen/Merkwürdiges Beispiel einer weiblichen Rache	Literatur-Schiller,-Friedrich/tg1490.txt	not defined
Schilling, Friedrich Gustav	not defined	Roman	Die Denkwürdigkeiten des Herrn v. H.	droro_e2/Schilling_Friedrich_Gustav_Die_Denkwuerdigkeiten_des_Herrn_v.txt	Romantik_E2
Schlegel, Dorothea	Romantik	Roman	Roman/Florentin	Literatur-Schlegel,-Dorothea/tg4.txt	Romantik_Kern
Schlegel, Friedrich	Romantik	Roman	Roman/Lucinde	Literatur-Schlegel,-Friedrich/tg307.txt	Romantik_Kern
Schopenhauer, Johanna	not defined	Roman	Die Tante	droro_e1/Schopenhauer_Johanna_Die_Tante.txt	Romantik_E1
Schopenhauer, Johanna	not defined	Roman	Gabriele	droro_e1/Schopenhauer_Johanna_Gabriele.txt	Romantik_E1
Schopenhauer, Johanna	not defined	Roman	Leontine und Natalie	droro_e1/Schopenhauer_Johanna_Leontine_und_Natalie.txt	Romantik_E1
Schopenhauer, Johanna	not defined	Roman	Richard Wood	droro_e1/Schopenhauer_Johanna_Richard_Wood.txt	Romantik_E1
Spielhagen, Friedrich	Realismus	prose	Romane/Faustulus	Literatur-Spielhagen,-Friedrich/tg221.txt	not defined
Spielhagen, Friedrich	Realismus	prose	Romane/Hammer und Amboß	Literatur-Spielhagen,-Friedrich/tg120.txt	not defined
Spielhagen, Friedrich	Realismus	prose	Romane/Problematische Naturen. Erste Abtheilung	Literatur-Spielhagen,-Friedrich/tg4.txt	not defined
Spielhagen, Friedrich	Realismus	prose	Romane/Problematische Naturen. Zweite Abtheilung (Durch Nacht zum Licht)	Literatur-Spielhagen,-Friedrich/tg66.txt	not defined
Spielhagen, Friedrich	Realismus	prose	Romane/Zum Zeitvertreib	Literatur-Spielhagen,-Friedrich/tg192.txt	not defined
Spindler, Karl	not defined	Roman	Der Jesuit	droro_e2/Spindler_Carl_Der_Jesuit.txt	Romantik_E2
Spindler, Karl	not defined	Roman	Der Jude	droro_e1/Spindler_Carl_Der_Jude.txt	Romantik_E1
Spindler, Karl	not defined	Roman	Der Vogelhändler von Imst	droro_e1/Spindler_Carl_Der_Vogelhaendler.txt	Romantik_E1
Spindler, Karl	not defined	Roman	Putsch & Comp. I	droro_e2/Spindler_Carl_Putsch_und_Comp_I.txt	Romantik_E2
Spindler, Karl	not defined	Roman	Putsch & Comp. II	droro_e2/Spindler_Carl_Putsch_und_Comp_II.txt	Romantik_E2
Spindler, Karl	not defined	Roman	Putsch & Comp. III	droro_e2/Spindler_Carl_Putsch_und_Comp_III.txt	Romantik_E2
Spindler, Karl	not defined	Roman	Putsch & Comp. IV	droro_e2/Spindler_Carl_Putsch_und_Comp_IV.txt	Romantik_E2
Stifter, Adalbert	Realismus	prose	Erzählungen/Bunte Steine/Bergkristall	Literatur-Stifter,-Adalbert/tg139.txt	not defined
Stifter, Adalbert	Realismus	prose	Erzählungen/Bunte Steine/Bergmilch	Literatur-Stifter,-Adalbert/tg141.txt	not defined
Stifter, Adalbert	Realismus	prose	Erzählungen/Bunte Steine/Granit	Literatur-Stifter,-Adalbert/tg136.txt	not defined
Stifter, Adalbert	Realismus	prose	Erzählungen/Bunte Steine/Kalkstein	Literatur-Stifter,-Adalbert/tg137.txt	not defined
Stifter, Adalbert	Realismus	prose	Erzählungen/Bunte Steine/Katzensilber	Literatur-Stifter,-Adalbert/tg140.txt	not defined
Stifter, Adalbert	Realismus	prose	Erzählungen/Bunte Steine/Turmalin	Literatur-Stifter,-Adalbert/tg138.txt	not defined
Stifter, Adalbert	Realismus	prose	Erzählungen/Der fromme Spruch	Literatur-Stifter,-Adalbert/tg145.txt	not defined
Stifter, Adalbert	Realismus	prose	Erzählungen/Der Kuß von Sentze	Literatur-Stifter,-Adalbert/tg144.txt	not defined
Stifter, Adalbert	Realismus	prose	Erzählungen/Der Waldbrunnen	Literatur-Stifter,-Adalbert/tg143.txt	not defined
Stifter, Adalbert	Realismus	prose	Erzählungen/Nachkommenschaften	Literatur-Stifter,-Adalbert/tg142.txt	not defined
Stifter, Adalbert	Realismus	prose	Erzählungen/Studien/Abdias	Literatur-Stifter,-Adalbert/tg99.txt	not defined
Stifter, Adalbert	Realismus	prose	Erzählungen/Studien/Brigitta	Literatur-Stifter,-Adalbert/tg108.txt	not defined
Stifter, Adalbert	Realismus	prose	Erzählungen/Studien/Das alte Siegel	Literatur-Stifter,-Adalbert/tg103.txt	not defined
Stifter, Adalbert	Realismus	prose	Erzählungen/Studien/Das Haidedorf	Literatur-Stifter,-Adalbert/tg72.txt	not defined
Stifter, Adalbert	Realismus	prose	Erzählungen/Studien/Der beschriebene Tännling	Literatur-Stifter,-Adalbert/tg128.txt	not defined
Stifter, Adalbert	Realismus	prose	Erzählungen/Studien/Der Condor	Literatur-Stifter,-Adalbert/tg46.txt	not defined
Stifter, Adalbert	Realismus	prose	Erzählungen/Studien/Der Hagestolz	Literatur-Stifter,-Adalbert/tg113.txt	not defined
Stifter, Adalbert	Realismus	prose	Erzählungen/Studien/Der Hochwald	Literatur-Stifter,-Adalbert/tg77.txt	not defined
Stifter, Adalbert	Realismus	prose	Erzählungen/Studien/Der Waldsteig	Literatur-Stifter,-Adalbert/tg121.txt	not defined
Stifter, Adalbert	Realismus	prose	Erzählungen/Studien/Die Mappe meines Urgroßvaters	Literatur-Stifter,-Adalbert/tg90.txt	not defined
Stifter, Adalbert	Realismus	prose	Erzählungen/Studien/Die Narrenburg	Literatur-Stifter,-Adalbert/tg85.txt	not defined
Stifter, Adalbert	Realismus	prose	Erzählungen/Studien/Feldblumen	Literatur-Stifter,-Adalbert/tg52.txt	not defined
Stifter, Adalbert	Realismus	prose	Erzählungen/Studien/Zwei Schwestern	Literatur-Stifter,-Adalbert/tg122.txt	not defined
Stifter, Adalbert	Realismus	prose	Romane/Der Nachsommer	Literatur-Stifter,-Adalbert/tg4.txt	not defined
Stifter, Adalbert	Realismus	prose	Romane/Witiko	Literatur-Stifter,-Adalbert/tg25.txt	not defined
Storm, Theodor	Realismus	Erzählung	Erzählungen/Aquis Submersus	Literatur-Storm,-Theodor/tg242.txt	not defined
Storm, Theodor	Realismus	Erzählung	Erzählungen/Auf dem Staatshof	Literatur-Storm,-Theodor/tg211.txt	not defined
Storm, Theodor	Realismus	Erzählung	Erzählungen/Auf der Universität	Literatur-Storm,-Theodor/tg222.txt	not defined
Storm, Theodor	Realismus	Erzählung	Erzählungen/Beim Vetter Christian	Literatur-Storm,-Theodor/tg238.txt	not defined
Storm, Theodor	Realismus	Erzählung	Erzählungen/Bötjer Basch	Literatur-Storm,-Theodor/tg256.txt	not defined
Storm, Theodor	Realismus	Erzählung	Erzählungen/Carsten Curator	Literatur-Storm,-Theodor/tg243.txt	not defined
Storm, Theodor	Realismus	Erzählung	Erzählungen/Der Herr Etatsrat	Literatur-Storm,-Theodor/tg249.txt	not defined
Storm, Theodor	Realismus	Erzählung	Erzählungen/Der Schimmelreiter	Literatur-Storm,-Theodor/tg259.txt	not defined
Storm, Theodor	Realismus	Erzählung	Erzählungen/Die Söhne des Senators	Literatur-Storm,-Theodor/tg248.txt	not defined
Storm, Theodor	Realismus	Erzählung	Erzählungen/Draußen im Heidedorf	Literatur-Storm,-Theodor/tg234.txt	not defined
Storm, Theodor	Realismus	Erzählung	Erzählungen/Eekenhof	Literatur-Storm,-Theodor/tg246.txt	not defined
Storm, Theodor	Realismus	Erzählung	Erzählungen/Ein Bekenntnis	Literatur-Storm,-Theodor/tg258.txt	not defined
Storm, Theodor	Realismus	Erzählung	Erzählungen/Ein Doppelgänger	Literatur-Storm,-Theodor/tg257.txt	not defined
Storm, Theodor	Realismus	Erzählung	Erzählungen/Ein Fest auf Haderslevhuus	Literatur-Storm,-Theodor/tg253.txt	not defined
Storm, Theodor	Realismus	Erzählung	Erzählungen/Ein stiller Musikant	Literatur-Storm,-Theodor/tg239.txt	not defined
Storm, Theodor	Realismus	Erzählung	Erzählungen/Eine Halligfahrt	Literatur-Storm,-Theodor/tg233.txt	not defined
Storm, Theodor	Realismus	Erzählung	Erzählungen/Eine Malerarbeit	Literatur-Storm,-Theodor/tg231.txt	not defined
Storm, Theodor	Realismus	Erzählung	Erzählungen/Es waren zwei Königskinder	Literatur-Storm,-Theodor/tg254.txt	not defined
Storm, Theodor	Realismus	prose	Erzählungen/Geschichten aus der Tonne/»Dree to beed«	Literatur-Storm,-Theodor/tg263.txt	not defined
Storm, Theodor	Realismus	Erzählung	Erzählungen/Geschichten aus der Tonne/Das Märchen von den drei Spinnfrauen	Literatur-Storm,-Theodor/tg261.txt	not defined
Storm, Theodor	Realismus	Erzählung	Erzählungen/Geschichten aus der Tonne/Se dohn sick wat to gude	Literatur-Storm,-Theodor/tg262.txt	not defined
Storm, Theodor	Realismus	Erzählung	Erzählungen/Hans und Heinz Kirch	Literatur-Storm,-Theodor/tg250.txt	not defined
Storm, Theodor	Realismus	Erzählung	Erzählungen/Im Brauerhause	Literatur-Storm,-Theodor/tg247.txt	not defined
Storm, Theodor	Realismus	Erzählung	Erzählungen/Im Nachbarhause links	Literatur-Storm,-Theodor/tg241.txt	not defined
Storm, Theodor	Realismus	Erzählung	Erzählungen/Im Saal	Literatur-Storm,-Theodor/tg199.txt	not defined
Storm, Theodor	Realismus	Erzählung	Erzählungen/Im Schloß	Literatur-Storm,-Theodor/tg216.txt	not defined
Storm, Theodor	Realismus	Erzählung	Erzählungen/Immensee	Literatur-Storm,-Theodor/tg200.txt	not defined
Storm, Theodor	Realismus	Erzählung	Erzählungen/In St. Jürgen	Literatur-Storm,-Theodor/tg232.txt	not defined
Storm, Theodor	Realismus	Erzählung	Erzählungen/John Riew'	Literatur-Storm,-Theodor/tg255.txt	not defined
Storm, Theodor	Realismus	Erzählung	Erzählungen/Marthe und ihre Uhr	Literatur-Storm,-Theodor/tg198.txt	not defined
Storm, Theodor	Realismus	Erzählung	Erzählungen/Pole Poppenspäler	Literatur-Storm,-Theodor/tg236.txt	not defined
Storm, Theodor	Realismus	Erzählung	Erzählungen/Psyche	Literatur-Storm,-Theodor/tg240.txt	not defined
Storm, Theodor	Realismus	Erzählung	Erzählungen/Renate	Literatur-Storm,-Theodor/tg244.txt	not defined
Storm, Theodor	Realismus	Erzählung	Erzählungen/Schweigen	Literatur-Storm,-Theodor/tg251.txt	not defined
Storm, Theodor	Realismus	Erzählung	Erzählungen/Veronika	Literatur-Storm,-Theodor/tg212.txt	not defined
Storm, Theodor	Realismus	Erzählung	Erzählungen/Viola tricolor	Literatur-Storm,-Theodor/tg235.txt	not defined
Storm, Theodor	Realismus	Erzählung	Erzählungen/Waldwinkel	Literatur-Storm,-Theodor/tg237.txt	not defined
Storm, Theodor	Realismus	Erzählung	Erzählungen/Zur Chronik von Grieshuus	Literatur-Storm,-Theodor/tg252.txt	not defined
Storm, Theodor	Realismus	Erzählung	Erzählungen/Zur Wald- und Wasserfreude	Literatur-Storm,-Theodor/tg245.txt	not defined
Storm, Theodor	Realismus	Märchen	Märchen und Spukgeschichten/Am Kamin	Literatur-Storm,-Theodor/tg277.txt	not defined
Storm, Theodor	Realismus	Märchen	Märchen und Spukgeschichten/Bulemanns Haus	Literatur-Storm,-Theodor/tg281.txt	not defined
Storm, Theodor	Realismus	Märchen	Märchen und Spukgeschichten/Der kleine Häwelmann	Literatur-Storm,-Theodor/tg265.txt	not defined
Storm, Theodor	Realismus	Märchen	Märchen und Spukgeschichten/Der Spiegel des Cyprianus	Literatur-Storm,-Theodor/tg282.txt	not defined
Storm, Theodor	Realismus	Märchen	Märchen und Spukgeschichten/Die Regentrude	Literatur-Storm,-Theodor/tg280.txt	not defined
Storm, Theodor	Realismus	Märchen	Märchen und Spukgeschichten/Hans Bär	Literatur-Storm,-Theodor/tg276.txt	not defined
Storm, Theodor	Realismus	Märchen	Märchen und Spukgeschichten/Hinzelmeier	Literatur-Storm,-Theodor/tg266.txt	not defined
Tieck, Ludwig	not defined	Roman	Der Alte vom Berge	droro_e1/Tieck_Ludwig_Der_Alte_vom_Berge.txt	Romantik_E1
Tieck, Ludwig	Romantik	Märchen	Erzählungen und Märchen/Der Aufruhr in den Cevennen	Literatur-Tieck,-Ludwig/tg955.txt	not defined
Tieck, Ludwig	Romantik	Märchen	Erzählungen und Märchen/Der fünfzehnte November	Literatur-Tieck,-Ludwig/tg961.txt	not defined
Tieck, Ludwig	Romantik	Märchen	Erzählungen und Märchen/Der Geheimnisvolle	Literatur-Tieck,-Ludwig/tg953.txt	not defined
Tieck, Ludwig	Romantik	Märchen	Erzählungen und Märchen/Der Hexen-Sabbath	Literatur-Tieck,-Ludwig/tg962.txt	not defined
Tieck, Ludwig	Romantik	Märchen	Erzählungen und Märchen/Des Lebens Überfluß	Literatur-Tieck,-Ludwig/tg963.txt	not defined
Tieck, Ludwig	Romantik	Märchen	Erzählungen und Märchen/Dichterleben (Erster Teil)	Literatur-Tieck,-Ludwig/tg959.txt	not defined
Tieck, Ludwig	Romantik	Märchen	Erzählungen und Märchen/Dichterleben (Zweiter Teil)	Literatur-Tieck,-Ludwig/tg960.txt	not defined
Tieck, Ludwig	Romantik	Märchen	Erzählungen und Märchen/Die beiden merkwürdigsten Tage aus Siegmunds Leben	Literatur-Tieck,-Ludwig/tg901.txt	not defined
Tieck, Ludwig	Romantik	Märchen	Erzählungen und Märchen/Die Gemälde	Literatur-Tieck,-Ludwig/tg952.txt	not defined
Tieck, Ludwig	Romantik	Märchen	Erzählungen und Märchen/Die Geschichte von den Haimonskindern	Literatur-Tieck,-Ludwig/tg902.txt	not defined
Tieck, Ludwig	Romantik	Märchen	Erzählungen und Märchen/Die Gesellschaft auf dem Lande	Literatur-Tieck,-Ludwig/tg954.txt	not defined
Tieck, Ludwig	Romantik	Märchen	Erzählungen und Märchen/Die Märchen aus dem Phantasus/Der blonde Eckbert	Literatur-Tieck,-Ludwig/tg925.txt	not defined
Tieck, Ludwig	Romantik	Märchen	Erzählungen und Märchen/Die Märchen aus dem Phantasus/Der getreue Eckart und Der Tannenhäuser	Literatur-Tieck,-Ludwig/tg926.txt	not defined
Tieck, Ludwig	Romantik	Märchen	Erzählungen und Märchen/Die Märchen aus dem Phantasus/Der Pokal	Literatur-Tieck,-Ludwig/tg951.txt	not defined
Tieck, Ludwig	Romantik	Märchen	Erzählungen und Märchen/Die Märchen aus dem Phantasus/Der Runenberg	Literatur-Tieck,-Ludwig/tg929.txt	not defined
Tieck, Ludwig	Romantik	Märchen	Erzählungen und Märchen/Die Märchen aus dem Phantasus/Die Elfen	Literatur-Tieck,-Ludwig/tg950.txt	not defined
Tieck, Ludwig	Romantik	Märchen	Erzählungen und Märchen/Die Märchen aus dem Phantasus/Liebesgeschichte der schönen Magelone und des Grafen Peter von Provence	Literatur-Tieck,-Ludwig/tg931.txt	not defined
Tieck, Ludwig	Romantik	Märchen	Erzählungen und Märchen/Die Märchen aus dem Phantasus/Liebeszauber	Literatur-Tieck,-Ludwig/tg930.txt	not defined
Tieck, Ludwig	Romantik	Märchen	Erzählungen und Märchen/Peter Lebrecht	Literatur-Tieck,-Ludwig/tg863.txt	not defined
Tieck, Ludwig	Romantik	Roman	Romane/Der junge Tischlermeister	Literatur-Tieck,-Ludwig/tg814.txt	Romantik_E1
Tieck, Ludwig	Romantik	Roman	Romane/Franz Sternbalds Wanderungen	Literatur-Tieck,-Ludwig/tg778.txt	Romantik_Kern
Tieck, Ludwig	Romantik	Roman	Romane/Geschichte des Herrn William Lovell	Literatur-Tieck,-Ludwig/tg500.txt	Romantik_Kern
Tieck, Ludwig	Romantik	Roman	Romane/Vittoria Accorombona	Literatur-Tieck,-Ludwig/tg825.txt	Romantik_E1
Tieck, Ludwig	not defined	Roman	Wunderlichkeiten	droro_e1/Tieck_Ludwig_Wunderlichkeiten.txt	Romantik_E1
Unger, Friederike Helene	Romantik	prose	Romane/Albert und Albertine	Literatur-Unger,-Friederike-Helene/tg10.txt	Romantik_E2
Unger, Friederike Helene	Romantik	prose	Romane/Bekenntnisse einer schönen Seele	Literatur-Unger,-Friederike-Helene/tg45.txt	Romantik_E2
Unger, Friederike Helene	Romantik	prose	Romane/Julchen Grünthal	Literatur-Unger,-Friederike-Helene/tg4.txt	Romantik_E2
Vulpius, Christian August	not defined	Roman	Rinaldo Rinaldini der Räuberhauptmann	droro_kern/Vulpius_Christian_August_Rinaldo_Rinaldini,_der_Raeuberhauptmann.txt	Romantik_Kern
Wackenroder, Wilhelm Heinrich	Romantik	other	Schriften und Dichtungen/Herzensergießungen eines kunstliebenden Klosterbruders	Literatur-Wackenroder,-Wilhelm-Heinrich/tg4.txt	not defined
Wackenroder, Wilhelm Heinrich	Romantik	other	Schriften und Dichtungen/Phantasien über die Kunst für Freunde der Kunst	Literatur-Wackenroder,-Wilhelm-Heinrich/tg25.txt	not defined
Waiblinger, Wilhelm	not defined	Roman	Phaeton	droro_e1/Waiblinger_Wilhelm_Phaeton.txt	Romantik_E1
Wieland, Christoph Martin	Klassik	Roman	Romane/Aristipp und einige seiner Zeitgenossen	Literatur-Wieland,-Christoph-Martin/tg467.txt	not defined
Wieland, Christoph Martin	Klassik	Roman	Romane/Der goldene Spiegel	Literatur-Wieland,-Christoph-Martin/tg272.txt	not defined
Wieland, Christoph Martin	Klassik	Roman	Romane/Die Abenteuer des Don Sylvio von Rosalva	Literatur-Wieland,-Christoph-Martin/tg305.txt	not defined
Wieland, Christoph Martin	Klassik	Roman	Romane/Geschichte der Abderiten	Literatur-Wieland,-Christoph-Martin/tg376.txt	not defined
Wieland, Christoph Martin	Klassik	Roman	Romane/Geschichte des Agathon	Literatur-Wieland,-Christoph-Martin/tg179.txt	not defined
Wieland, Christoph Martin	Klassik	Roman	Romane/Peregrinus Proteus	Literatur-Wieland,-Christoph-Martin/tg444.txt	not defined
Wobeser, Wilhelmine Karoline von	not defined	Roman	Elisa	droro_e2/Wobeser_Wilhelmine_Karoline_von_Elisa.txt	Romantik_E2
Wolzogen, Caroline von	not defined	Roman	Agnes von Lilien	droro_e1/Wolzogen_Caroline_von_Agnes_von_Lilien.txt	Romantik_E1
Zschokke, Heinrich	not defined	Roman	Addrich im Moos	droro_e1/Zschokke_Heinrich_Addrich.txt	Romantik_E1
Zschokke, Heinrich	not defined	Roman	Das Goldmacherdorf	droro_e1/Zschokke_Heinrich_Das_Goldmacherdorf.txt	Romantik_E1
Zschokke, Heinrich	not defined	Roman	Der Flüchtling im Jura	droro_e1/Zschokke_Heinrich_Der_Fluechtling.txt	Romantik_E1
Zschokke, Heinrich	not defined	Roman	Die Rose von Disentis	droro_e2/Zschokke_Heinrich_Die_Rose_von_Disentis.txt	Romantik_E2